ISO-10303-21;
HEADER;
/* Generated by software containing ST-Developer
 * from STEP Tools, Inc. (www.steptools.com) 
 */

FILE_DESCRIPTION(
/* description */ (''),
/* implementation_level */ '2;1');

FILE_NAME(
/* name */ 'Focus_Display.step',
/* time_stamp */ '2026-08-02T18:36:11-07:00',
/* author */ (''),
/* organization */ (''),
/* preprocessor_version */ 'ST-DEVELOPER v20.1',
/* originating_system */ 'Autodesk Translation Framework v15.8.0.0',
/* authorisation */ '');

FILE_SCHEMA (('AUTOMOTIVE_DESIGN { 1 0 10303 214 3 1 1 }'));
ENDSEC;

DATA;
#10=MECHANICAL_DESIGN_GEOMETRIC_PRESENTATION_REPRESENTATION('',(#13),#2952);
#11=SHAPE_REPRESENTATION_RELATIONSHIP('SRR','None',#2959,#12);
#12=ADVANCED_BREP_SHAPE_REPRESENTATION('',(#14),#2951);
#13=STYLED_ITEM('',(#2968),#14);
#14=MANIFOLD_SOLID_BREP('Body1',#1779);
#15=FACE_BOUND('',#675,.T.);
#16=FACE_BOUND('',#690,.T.);
#17=FACE_BOUND('',#711,.T.);
#18=FACE_BOUND('',#712,.T.);
#19=FACE_BOUND('',#715,.T.);
#20=FACE_BOUND('',#721,.T.);
#21=FACE_BOUND('',#747,.T.);
#22=FACE_BOUND('',#748,.T.);
#23=FACE_BOUND('',#749,.T.);
#24=FACE_BOUND('',#750,.T.);
#25=PLANE('',#1812);
#26=PLANE('',#1813);
#27=PLANE('',#1814);
#28=PLANE('',#1817);
#29=PLANE('',#1818);
#30=PLANE('',#1819);
#31=PLANE('',#1820);
#32=PLANE('',#1821);
#33=PLANE('',#1822);
#34=PLANE('',#1823);
#35=PLANE('',#1824);
#36=PLANE('',#1825);
#37=PLANE('',#1826);
#38=PLANE('',#1827);
#39=PLANE('',#1828);
#40=PLANE('',#1829);
#41=PLANE('',#1830);
#42=PLANE('',#1831);
#43=PLANE('',#1832);
#44=PLANE('',#1833);
#45=PLANE('',#1834);
#46=PLANE('',#1835);
#47=PLANE('',#1836);
#48=PLANE('',#1837);
#49=PLANE('',#1838);
#50=PLANE('',#1839);
#51=PLANE('',#1848);
#52=PLANE('',#1849);
#53=PLANE('',#1850);
#54=PLANE('',#1851);
#55=PLANE('',#1853);
#56=PLANE('',#1854);
#57=PLANE('',#1855);
#58=PLANE('',#1858);
#59=PLANE('',#1859);
#60=PLANE('',#1860);
#61=PLANE('',#1861);
#62=PLANE('',#1862);
#63=PLANE('',#1863);
#64=PLANE('',#1864);
#65=PLANE('',#1867);
#66=PLANE('',#1868);
#67=PLANE('',#1869);
#68=PLANE('',#1870);
#69=PLANE('',#1871);
#70=PLANE('',#1872);
#71=PLANE('',#1874);
#72=PLANE('',#1879);
#73=PLANE('',#1881);
#74=PLANE('',#1882);
#75=PLANE('',#1883);
#76=PLANE('',#1884);
#77=PLANE('',#1885);
#78=PLANE('',#1886);
#79=PLANE('',#1887);
#80=PLANE('',#1889);
#81=PLANE('',#1890);
#82=PLANE('',#1891);
#83=PLANE('',#1892);
#84=PLANE('',#1893);
#85=PLANE('',#1894);
#86=PLANE('',#1895);
#87=PLANE('',#1896);
#88=PLANE('',#1897);
#89=PLANE('',#1898);
#90=PLANE('',#1899);
#91=PLANE('',#1900);
#92=PLANE('',#1901);
#93=PLANE('',#1902);
#94=PLANE('',#1903);
#95=PLANE('',#1904);
#96=PLANE('',#1905);
#97=PLANE('',#1906);
#98=PLANE('',#1907);
#99=PLANE('',#1908);
#100=PLANE('',#1909);
#101=PLANE('',#1910);
#102=LINE('',#2475,#321);
#103=LINE('',#2478,#322);
#104=LINE('',#2480,#323);
#105=LINE('',#2481,#324);
#106=LINE('',#2484,#325);
#107=LINE('',#2487,#326);
#108=LINE('',#2490,#327);
#109=LINE('',#2493,#328);
#110=LINE('',#2496,#329);
#111=LINE('',#2498,#330);
#112=LINE('',#2500,#331);
#113=LINE('',#2502,#332);
#114=LINE('',#2504,#333);
#115=LINE('',#2506,#334);
#116=LINE('',#2507,#335);
#117=LINE('',#2509,#336);
#118=LINE('',#2512,#337);
#119=LINE('',#2516,#338);
#120=LINE('',#2521,#339);
#121=LINE('',#2523,#340);
#122=LINE('',#2525,#341);
#123=LINE('',#2526,#342);
#124=LINE('',#2529,#343);
#125=LINE('',#2531,#344);
#126=LINE('',#2532,#345);
#127=LINE('',#2535,#346);
#128=LINE('',#2537,#347);
#129=LINE('',#2538,#348);
#130=LINE('',#2541,#349);
#131=LINE('',#2543,#350);
#132=LINE('',#2544,#351);
#133=LINE('',#2547,#352);
#134=LINE('',#2549,#353);
#135=LINE('',#2550,#354);
#136=LINE('',#2552,#355);
#137=LINE('',#2553,#356);
#138=LINE('',#2558,#357);
#139=LINE('',#2560,#358);
#140=LINE('',#2562,#359);
#141=LINE('',#2563,#360);
#142=LINE('',#2566,#361);
#143=LINE('',#2568,#362);
#144=LINE('',#2569,#363);
#145=LINE('',#2572,#364);
#146=LINE('',#2574,#365);
#147=LINE('',#2575,#366);
#148=LINE('',#2578,#367);
#149=LINE('',#2580,#368);
#150=LINE('',#2581,#369);
#151=LINE('',#2584,#370);
#152=LINE('',#2586,#371);
#153=LINE('',#2587,#372);
#154=LINE('',#2589,#373);
#155=LINE('',#2590,#374);
#156=LINE('',#2595,#375);
#157=LINE('',#2597,#376);
#158=LINE('',#2599,#377);
#159=LINE('',#2600,#378);
#160=LINE('',#2603,#379);
#161=LINE('',#2605,#380);
#162=LINE('',#2606,#381);
#163=LINE('',#2609,#382);
#164=LINE('',#2611,#383);
#165=LINE('',#2613,#384);
#166=LINE('',#2615,#385);
#167=LINE('',#2617,#386);
#168=LINE('',#2619,#387);
#169=LINE('',#2621,#388);
#170=LINE('',#2623,#389);
#171=LINE('',#2625,#390);
#172=LINE('',#2626,#391);
#173=LINE('',#2629,#392);
#174=LINE('',#2631,#393);
#175=LINE('',#2633,#394);
#176=LINE('',#2634,#395);
#177=LINE('',#2638,#396);
#178=LINE('',#2640,#397);
#179=LINE('',#2642,#398);
#180=LINE('',#2644,#399);
#181=LINE('',#2646,#400);
#182=LINE('',#2648,#401);
#183=LINE('',#2650,#402);
#184=LINE('',#2651,#403);
#185=LINE('',#2655,#404);
#186=LINE('',#2657,#405);
#187=LINE('',#2659,#406);
#188=LINE('',#2661,#407);
#189=LINE('',#2663,#408);
#190=LINE('',#2665,#409);
#191=LINE('',#2667,#410);
#192=LINE('',#2668,#411);
#193=LINE('',#2672,#412);
#194=LINE('',#2674,#413);
#195=LINE('',#2676,#414);
#196=LINE('',#2677,#415);
#197=LINE('',#2680,#416);
#198=LINE('',#2682,#417);
#199=LINE('',#2683,#418);
#200=LINE('',#2686,#419);
#201=LINE('',#2688,#420);
#202=LINE('',#2689,#421);
#203=LINE('',#2693,#422);
#204=LINE('',#2695,#423);
#205=LINE('',#2696,#424);
#206=LINE('',#2698,#425);
#207=LINE('',#2699,#426);
#208=LINE('',#2703,#427);
#209=LINE('',#2710,#428);
#210=LINE('',#2713,#429);
#211=LINE('',#2717,#430);
#212=LINE('',#2718,#431);
#213=LINE('',#2719,#432);
#214=LINE('',#2723,#433);
#215=LINE('',#2725,#434);
#216=LINE('',#2727,#435);
#217=LINE('',#2728,#436);
#218=LINE('',#2732,#437);
#219=LINE('',#2734,#438);
#220=LINE('',#2736,#439);
#221=LINE('',#2737,#440);
#222=LINE('',#2741,#441);
#223=LINE('',#2743,#442);
#224=LINE('',#2744,#443);
#225=LINE('',#2746,#444);
#226=LINE('',#2747,#445);
#227=LINE('',#2750,#446);
#228=LINE('',#2752,#447);
#229=LINE('',#2754,#448);
#230=LINE('',#2755,#449);
#231=LINE('',#2757,#450);
#232=LINE('',#2758,#451);
#233=LINE('',#2762,#452);
#234=LINE('',#2764,#453);
#235=LINE('',#2766,#454);
#236=LINE('',#2768,#455);
#237=LINE('',#2770,#456);
#238=LINE('',#2772,#457);
#239=LINE('',#2774,#458);
#240=LINE('',#2776,#459);
#241=LINE('',#2777,#460);
#242=LINE('',#2779,#461);
#243=LINE('',#2781,#462);
#244=LINE('',#2782,#463);
#245=LINE('',#2784,#464);
#246=LINE('',#2786,#465);
#247=LINE('',#2787,#466);
#248=LINE('',#2791,#467);
#249=LINE('',#2792,#468);
#250=LINE('',#2794,#469);
#251=LINE('',#2796,#470);
#252=LINE('',#2797,#471);
#253=LINE('',#2801,#472);
#254=LINE('',#2805,#473);
#255=LINE('',#2806,#474);
#256=LINE('',#2809,#475);
#257=LINE('',#2811,#476);
#258=LINE('',#2812,#477);
#259=LINE('',#2815,#478);
#260=LINE('',#2816,#479);
#261=LINE('',#2819,#480);
#262=LINE('',#2820,#481);
#263=LINE('',#2823,#482);
#264=LINE('',#2825,#483);
#265=LINE('',#2826,#484);
#266=LINE('',#2829,#485);
#267=LINE('',#2831,#486);
#268=LINE('',#2832,#487);
#269=LINE('',#2834,#488);
#270=LINE('',#2836,#489);
#271=LINE('',#2837,#490);
#272=LINE('',#2844,#491);
#273=LINE('',#2851,#492);
#274=LINE('',#2853,#493);
#275=LINE('',#2854,#494);
#276=LINE('',#2857,#495);
#277=LINE('',#2858,#496);
#278=LINE('',#2861,#497);
#279=LINE('',#2862,#498);
#280=LINE('',#2864,#499);
#281=LINE('',#2869,#500);
#282=LINE('',#2873,#501);
#283=LINE('',#2874,#502);
#284=LINE('',#2875,#503);
#285=LINE('',#2878,#504);
#286=LINE('',#2879,#505);
#287=LINE('',#2882,#506);
#288=LINE('',#2883,#507);
#289=LINE('',#2886,#508);
#290=LINE('',#2887,#509);
#291=LINE('',#2890,#510);
#292=LINE('',#2891,#511);
#293=LINE('',#2894,#512);
#294=LINE('',#2895,#513);
#295=LINE('',#2898,#514);
#296=LINE('',#2899,#515);
#297=LINE('',#2901,#516);
#298=LINE('',#2905,#517);
#299=LINE('',#2906,#518);
#300=LINE('',#2907,#519);
#301=LINE('',#2910,#520);
#302=LINE('',#2911,#521);
#303=LINE('',#2914,#522);
#304=LINE('',#2915,#523);
#305=LINE('',#2918,#524);
#306=LINE('',#2919,#525);
#307=LINE('',#2922,#526);
#308=LINE('',#2923,#527);
#309=LINE('',#2926,#528);
#310=LINE('',#2927,#529);
#311=LINE('',#2930,#530);
#312=LINE('',#2931,#531);
#313=LINE('',#2933,#532);
#314=LINE('',#2936,#533);
#315=LINE('',#2937,#534);
#316=LINE('',#2940,#535);
#317=LINE('',#2941,#536);
#318=LINE('',#2943,#537);
#319=LINE('',#2945,#538);
#320=LINE('',#2947,#539);
#321=VECTOR('',#1939,10.);
#322=VECTOR('',#1942,10.);
#323=VECTOR('',#1945,10.);
#324=VECTOR('',#1946,10.);
#325=VECTOR('',#1949,10.);
#326=VECTOR('',#1952,10.);
#327=VECTOR('',#1955,10.);
#328=VECTOR('',#1958,10.);
#329=VECTOR('',#1961,10.);
#330=VECTOR('',#1962,10.);
#331=VECTOR('',#1963,10.);
#332=VECTOR('',#1964,10.);
#333=VECTOR('',#1965,10.);
#334=VECTOR('',#1966,10.);
#335=VECTOR('',#1967,10.);
#336=VECTOR('',#1970,10.);
#337=VECTOR('',#1973,10.);
#338=VECTOR('',#1976,10.);
#339=VECTOR('',#1981,10.);
#340=VECTOR('',#1982,10.);
#341=VECTOR('',#1983,10.);
#342=VECTOR('',#1984,10.);
#343=VECTOR('',#1987,10.);
#344=VECTOR('',#1988,10.);
#345=VECTOR('',#1989,10.);
#346=VECTOR('',#1992,10.);
#347=VECTOR('',#1993,10.);
#348=VECTOR('',#1994,10.);
#349=VECTOR('',#1997,10.);
#350=VECTOR('',#1998,10.);
#351=VECTOR('',#1999,10.);
#352=VECTOR('',#2002,10.);
#353=VECTOR('',#2003,10.);
#354=VECTOR('',#2004,10.);
#355=VECTOR('',#2007,10.);
#356=VECTOR('',#2008,10.);
#357=VECTOR('',#2013,10.);
#358=VECTOR('',#2014,10.);
#359=VECTOR('',#2015,10.);
#360=VECTOR('',#2016,10.);
#361=VECTOR('',#2019,10.);
#362=VECTOR('',#2020,10.);
#363=VECTOR('',#2021,10.);
#364=VECTOR('',#2024,10.);
#365=VECTOR('',#2025,10.);
#366=VECTOR('',#2026,10.);
#367=VECTOR('',#2029,10.);
#368=VECTOR('',#2030,10.);
#369=VECTOR('',#2031,10.);
#370=VECTOR('',#2034,10.);
#371=VECTOR('',#2035,10.);
#372=VECTOR('',#2036,10.);
#373=VECTOR('',#2039,10.);
#374=VECTOR('',#2040,10.);
#375=VECTOR('',#2045,10.);
#376=VECTOR('',#2046,10.);
#377=VECTOR('',#2047,10.);
#378=VECTOR('',#2048,10.);
#379=VECTOR('',#2051,10.);
#380=VECTOR('',#2052,10.);
#381=VECTOR('',#2053,10.);
#382=VECTOR('',#2056,10.);
#383=VECTOR('',#2057,10.);
#384=VECTOR('',#2058,10.);
#385=VECTOR('',#2059,10.);
#386=VECTOR('',#2060,10.);
#387=VECTOR('',#2061,10.);
#388=VECTOR('',#2062,10.);
#389=VECTOR('',#2063,10.);
#390=VECTOR('',#2064,10.);
#391=VECTOR('',#2065,10.);
#392=VECTOR('',#2066,10.);
#393=VECTOR('',#2067,10.);
#394=VECTOR('',#2068,10.);
#395=VECTOR('',#2069,10.);
#396=VECTOR('',#2072,10.);
#397=VECTOR('',#2073,10.);
#398=VECTOR('',#2074,10.);
#399=VECTOR('',#2075,10.);
#400=VECTOR('',#2076,10.);
#401=VECTOR('',#2077,10.);
#402=VECTOR('',#2078,10.);
#403=VECTOR('',#2079,10.);
#404=VECTOR('',#2082,10.);
#405=VECTOR('',#2083,10.);
#406=VECTOR('',#2084,10.);
#407=VECTOR('',#2085,10.);
#408=VECTOR('',#2086,10.);
#409=VECTOR('',#2087,10.);
#410=VECTOR('',#2088,10.);
#411=VECTOR('',#2089,10.);
#412=VECTOR('',#2092,10.);
#413=VECTOR('',#2093,10.);
#414=VECTOR('',#2094,10.);
#415=VECTOR('',#2095,10.);
#416=VECTOR('',#2098,10.);
#417=VECTOR('',#2099,10.);
#418=VECTOR('',#2100,10.);
#419=VECTOR('',#2103,10.);
#420=VECTOR('',#2104,10.);
#421=VECTOR('',#2105,10.);
#422=VECTOR('',#2108,10.);
#423=VECTOR('',#2109,10.);
#424=VECTOR('',#2110,10.);
#425=VECTOR('',#2111,10.);
#426=VECTOR('',#2112,10.);
#427=VECTOR('',#2115,10.);
#428=VECTOR('',#2128,10.);
#429=VECTOR('',#2133,10.);
#430=VECTOR('',#2136,10.);
#431=VECTOR('',#2137,10.);
#432=VECTOR('',#2138,10.);
#433=VECTOR('',#2141,10.);
#434=VECTOR('',#2142,10.);
#435=VECTOR('',#2143,10.);
#436=VECTOR('',#2144,10.);
#437=VECTOR('',#2147,10.);
#438=VECTOR('',#2148,10.);
#439=VECTOR('',#2149,10.);
#440=VECTOR('',#2150,10.);
#441=VECTOR('',#2155,10.);
#442=VECTOR('',#2156,10.);
#443=VECTOR('',#2157,10.);
#444=VECTOR('',#2158,10.);
#445=VECTOR('',#2159,10.);
#446=VECTOR('',#2162,10.);
#447=VECTOR('',#2163,10.);
#448=VECTOR('',#2164,10.);
#449=VECTOR('',#2165,10.);
#450=VECTOR('',#2166,10.);
#451=VECTOR('',#2167,10.);
#452=VECTOR('',#2170,10.);
#453=VECTOR('',#2171,10.);
#454=VECTOR('',#2172,10.);
#455=VECTOR('',#2175,10.);
#456=VECTOR('',#2178,10.);
#457=VECTOR('',#2181,10.);
#458=VECTOR('',#2182,10.);
#459=VECTOR('',#2183,10.);
#460=VECTOR('',#2184,10.);
#461=VECTOR('',#2187,10.);
#462=VECTOR('',#2188,10.);
#463=VECTOR('',#2189,10.);
#464=VECTOR('',#2192,10.);
#465=VECTOR('',#2195,10.);
#466=VECTOR('',#2196,10.);
#467=VECTOR('',#2201,10.);
#468=VECTOR('',#2202,10.);
#469=VECTOR('',#2203,10.);
#470=VECTOR('',#2204,10.);
#471=VECTOR('',#2205,10.);
#472=VECTOR('',#2210,10.);
#473=VECTOR('',#2215,10.);
#474=VECTOR('',#2216,10.);
#475=VECTOR('',#2219,10.);
#476=VECTOR('',#2220,10.);
#477=VECTOR('',#2221,10.);
#478=VECTOR('',#2224,10.);
#479=VECTOR('',#2225,10.);
#480=VECTOR('',#2228,10.);
#481=VECTOR('',#2229,10.);
#482=VECTOR('',#2232,10.);
#483=VECTOR('',#2233,10.);
#484=VECTOR('',#2234,10.);
#485=VECTOR('',#2237,10.);
#486=VECTOR('',#2238,10.);
#487=VECTOR('',#2239,10.);
#488=VECTOR('',#2242,10.);
#489=VECTOR('',#2245,10.);
#490=VECTOR('',#2246,10.);
#491=VECTOR('',#2253,3.6);
#492=VECTOR('',#2262,10.);
#493=VECTOR('',#2263,10.);
#494=VECTOR('',#2264,10.);
#495=VECTOR('',#2267,10.);
#496=VECTOR('',#2268,10.);
#497=VECTOR('',#2271,10.);
#498=VECTOR('',#2272,10.);
#499=VECTOR('',#2275,10.);
#500=VECTOR('',#2284,10.);
#501=VECTOR('',#2287,10.);
#502=VECTOR('',#2288,10.);
#503=VECTOR('',#2289,10.);
#504=VECTOR('',#2292,10.);
#505=VECTOR('',#2293,10.);
#506=VECTOR('',#2296,10.);
#507=VECTOR('',#2297,10.);
#508=VECTOR('',#2300,10.);
#509=VECTOR('',#2301,10.);
#510=VECTOR('',#2304,10.);
#511=VECTOR('',#2305,10.);
#512=VECTOR('',#2308,10.);
#513=VECTOR('',#2309,10.);
#514=VECTOR('',#2312,10.);
#515=VECTOR('',#2313,10.);
#516=VECTOR('',#2316,10.);
#517=VECTOR('',#2319,10.);
#518=VECTOR('',#2320,10.);
#519=VECTOR('',#2321,10.);
#520=VECTOR('',#2324,10.);
#521=VECTOR('',#2325,10.);
#522=VECTOR('',#2328,10.);
#523=VECTOR('',#2329,10.);
#524=VECTOR('',#2332,10.);
#525=VECTOR('',#2333,10.);
#526=VECTOR('',#2336,10.);
#527=VECTOR('',#2337,10.);
#528=VECTOR('',#2340,10.);
#529=VECTOR('',#2341,10.);
#530=VECTOR('',#2344,10.);
#531=VECTOR('',#2345,10.);
#532=VECTOR('',#2348,10.);
#533=VECTOR('',#2351,10.);
#534=VECTOR('',#2352,10.);
#535=VECTOR('',#2355,10.);
#536=VECTOR('',#2356,10.);
#537=VECTOR('',#2359,10.);
#538=VECTOR('',#2362,10.);
#539=VECTOR('',#2365,10.);
#540=CYLINDRICAL_SURFACE('',#1805,2.5);
#541=CYLINDRICAL_SURFACE('',#1807,2.5);
#542=CYLINDRICAL_SURFACE('',#1808,2.5);
#543=CYLINDRICAL_SURFACE('',#1810,2.);
#544=CYLINDRICAL_SURFACE('',#1840,0.5);
#545=CYLINDRICAL_SURFACE('',#1843,0.5);
#546=CYLINDRICAL_SURFACE('',#1845,0.5);
#547=CYLINDRICAL_SURFACE('',#1847,0.5);
#548=CYLINDRICAL_SURFACE('',#1857,2.);
#549=CYLINDRICAL_SURFACE('',#1866,2.);
#550=CYLINDRICAL_SURFACE('',#1873,2.);
#551=CYLINDRICAL_SURFACE('',#1876,3.6);
#552=CYLINDRICAL_SURFACE('',#1888,10.);
#553=FACE_OUTER_BOUND('',#647,.T.);
#554=FACE_OUTER_BOUND('',#648,.T.);
#555=FACE_OUTER_BOUND('',#649,.T.);
#556=FACE_OUTER_BOUND('',#650,.T.);
#557=FACE_OUTER_BOUND('',#651,.T.);
#558=FACE_OUTER_BOUND('',#652,.T.);
#559=FACE_OUTER_BOUND('',#653,.T.);
#560=FACE_OUTER_BOUND('',#654,.T.);
#561=FACE_OUTER_BOUND('',#655,.T.);
#562=FACE_OUTER_BOUND('',#656,.T.);
#563=FACE_OUTER_BOUND('',#657,.T.);
#564=FACE_OUTER_BOUND('',#658,.T.);
#565=FACE_OUTER_BOUND('',#659,.T.);
#566=FACE_OUTER_BOUND('',#660,.T.);
#567=FACE_OUTER_BOUND('',#661,.T.);
#568=FACE_OUTER_BOUND('',#662,.T.);
#569=FACE_OUTER_BOUND('',#663,.T.);
#570=FACE_OUTER_BOUND('',#664,.T.);
#571=FACE_OUTER_BOUND('',#665,.T.);
#572=FACE_OUTER_BOUND('',#666,.T.);
#573=FACE_OUTER_BOUND('',#667,.T.);
#574=FACE_OUTER_BOUND('',#668,.T.);
#575=FACE_OUTER_BOUND('',#669,.T.);
#576=FACE_OUTER_BOUND('',#670,.T.);
#577=FACE_OUTER_BOUND('',#671,.T.);
#578=FACE_OUTER_BOUND('',#672,.T.);
#579=FACE_OUTER_BOUND('',#673,.T.);
#580=FACE_OUTER_BOUND('',#674,.T.);
#581=FACE_OUTER_BOUND('',#676,.T.);
#582=FACE_OUTER_BOUND('',#677,.T.);
#583=FACE_OUTER_BOUND('',#678,.T.);
#584=FACE_OUTER_BOUND('',#679,.T.);
#585=FACE_OUTER_BOUND('',#680,.T.);
#586=FACE_OUTER_BOUND('',#681,.T.);
#587=FACE_OUTER_BOUND('',#682,.T.);
#588=FACE_OUTER_BOUND('',#683,.T.);
#589=FACE_OUTER_BOUND('',#684,.T.);
#590=FACE_OUTER_BOUND('',#685,.T.);
#591=FACE_OUTER_BOUND('',#686,.T.);
#592=FACE_OUTER_BOUND('',#687,.T.);
#593=FACE_OUTER_BOUND('',#688,.T.);
#594=FACE_OUTER_BOUND('',#689,.T.);
#595=FACE_OUTER_BOUND('',#691,.T.);
#596=FACE_OUTER_BOUND('',#692,.T.);
#597=FACE_OUTER_BOUND('',#693,.T.);
#598=FACE_OUTER_BOUND('',#694,.T.);
#599=FACE_OUTER_BOUND('',#695,.T.);
#600=FACE_OUTER_BOUND('',#696,.T.);
#601=FACE_OUTER_BOUND('',#697,.T.);
#602=FACE_OUTER_BOUND('',#698,.T.);
#603=FACE_OUTER_BOUND('',#699,.T.);
#604=FACE_OUTER_BOUND('',#700,.T.);
#605=FACE_OUTER_BOUND('',#701,.T.);
#606=FACE_OUTER_BOUND('',#702,.T.);
#607=FACE_OUTER_BOUND('',#703,.T.);
#608=FACE_OUTER_BOUND('',#704,.T.);
#609=FACE_OUTER_BOUND('',#705,.T.);
#610=FACE_OUTER_BOUND('',#706,.T.);
#611=FACE_OUTER_BOUND('',#707,.T.);
#612=FACE_OUTER_BOUND('',#708,.T.);
#613=FACE_OUTER_BOUND('',#709,.T.);
#614=FACE_OUTER_BOUND('',#710,.T.);
#615=FACE_OUTER_BOUND('',#713,.T.);
#616=FACE_OUTER_BOUND('',#714,.T.);
#617=FACE_OUTER_BOUND('',#716,.T.);
#618=FACE_OUTER_BOUND('',#717,.T.);
#619=FACE_OUTER_BOUND('',#718,.T.);
#620=FACE_OUTER_BOUND('',#719,.T.);
#621=FACE_OUTER_BOUND('',#720,.T.);
#622=FACE_OUTER_BOUND('',#722,.T.);
#623=FACE_OUTER_BOUND('',#723,.T.);
#624=FACE_OUTER_BOUND('',#724,.T.);
#625=FACE_OUTER_BOUND('',#725,.T.);
#626=FACE_OUTER_BOUND('',#726,.T.);
#627=FACE_OUTER_BOUND('',#727,.T.);
#628=FACE_OUTER_BOUND('',#728,.T.);
#629=FACE_OUTER_BOUND('',#729,.T.);
#630=FACE_OUTER_BOUND('',#730,.T.);
#631=FACE_OUTER_BOUND('',#731,.T.);
#632=FACE_OUTER_BOUND('',#732,.T.);
#633=FACE_OUTER_BOUND('',#733,.T.);
#634=FACE_OUTER_BOUND('',#734,.T.);
#635=FACE_OUTER_BOUND('',#735,.T.);
#636=FACE_OUTER_BOUND('',#736,.T.);
#637=FACE_OUTER_BOUND('',#737,.T.);
#638=FACE_OUTER_BOUND('',#738,.T.);
#639=FACE_OUTER_BOUND('',#739,.T.);
#640=FACE_OUTER_BOUND('',#740,.T.);
#641=FACE_OUTER_BOUND('',#741,.T.);
#642=FACE_OUTER_BOUND('',#742,.T.);
#643=FACE_OUTER_BOUND('',#743,.T.);
#644=FACE_OUTER_BOUND('',#744,.T.);
#645=FACE_OUTER_BOUND('',#745,.T.);
#646=FACE_OUTER_BOUND('',#746,.T.);
#647=EDGE_LOOP('',(#1187,#1188,#1189,#1190));
#648=EDGE_LOOP('',(#1191,#1192,#1193));
#649=EDGE_LOOP('',(#1194,#1195,#1196,#1197));
#650=EDGE_LOOP('',(#1198,#1199,#1200));
#651=EDGE_LOOP('',(#1201,#1202,#1203,#1204,#1205));
#652=EDGE_LOOP('',(#1206,#1207,#1208,#1209));
#653=EDGE_LOOP('',(#1210,#1211,#1212,#1213,#1214));
#654=EDGE_LOOP('',(#1215,#1216,#1217,#1218));
#655=EDGE_LOOP('',(#1219,#1220,#1221,#1222,#1223,#1224,#1225,#1226,#1227));
#656=EDGE_LOOP('',(#1228,#1229,#1230,#1231));
#657=EDGE_LOOP('',(#1232,#1233,#1234,#1235,#1236,#1237,#1238,#1239));
#658=EDGE_LOOP('',(#1240,#1241,#1242,#1243));
#659=EDGE_LOOP('',(#1244,#1245,#1246,#1247));
#660=EDGE_LOOP('',(#1248,#1249,#1250,#1251));
#661=EDGE_LOOP('',(#1252,#1253,#1254,#1255));
#662=EDGE_LOOP('',(#1256,#1257,#1258,#1259));
#663=EDGE_LOOP('',(#1260,#1261,#1262,#1263));
#664=EDGE_LOOP('',(#1264,#1265,#1266,#1267,#1268,#1269));
#665=EDGE_LOOP('',(#1270,#1271,#1272,#1273));
#666=EDGE_LOOP('',(#1274,#1275,#1276,#1277));
#667=EDGE_LOOP('',(#1278,#1279,#1280,#1281));
#668=EDGE_LOOP('',(#1282,#1283,#1284,#1285));
#669=EDGE_LOOP('',(#1286,#1287,#1288,#1289));
#670=EDGE_LOOP('',(#1290,#1291,#1292,#1293));
#671=EDGE_LOOP('',(#1294,#1295,#1296,#1297,#1298,#1299));
#672=EDGE_LOOP('',(#1300,#1301,#1302,#1303));
#673=EDGE_LOOP('',(#1304,#1305,#1306,#1307));
#674=EDGE_LOOP('',(#1308,#1309,#1310,#1311,#1312,#1313,#1314,#1315,#1316,
#1317,#1318,#1319));
#675=EDGE_LOOP('',(#1320,#1321,#1322,#1323));
#676=EDGE_LOOP('',(#1324,#1325,#1326,#1327,#1328,#1329,#1330,#1331));
#677=EDGE_LOOP('',(#1332,#1333,#1334,#1335,#1336,#1337,#1338,#1339));
#678=EDGE_LOOP('',(#1340,#1341,#1342,#1343));
#679=EDGE_LOOP('',(#1344,#1345,#1346,#1347));
#680=EDGE_LOOP('',(#1348,#1349,#1350,#1351));
#681=EDGE_LOOP('',(#1352,#1353,#1354,#1355,#1356,#1357,#1358,#1359));
#682=EDGE_LOOP('',(#1360,#1361,#1362,#1363));
#683=EDGE_LOOP('',(#1364,#1365,#1366));
#684=EDGE_LOOP('',(#1367,#1368,#1369,#1370,#1371,#1372));
#685=EDGE_LOOP('',(#1373,#1374,#1375));
#686=EDGE_LOOP('',(#1376,#1377,#1378,#1379));
#687=EDGE_LOOP('',(#1380,#1381,#1382,#1383));
#688=EDGE_LOOP('',(#1384,#1385,#1386,#1387));
#689=EDGE_LOOP('',(#1388,#1389,#1390,#1391,#1392,#1393,#1394));
#690=EDGE_LOOP('',(#1395,#1396,#1397,#1398));
#691=EDGE_LOOP('',(#1399,#1400,#1401,#1402,#1403,#1404,#1405,#1406));
#692=EDGE_LOOP('',(#1407,#1408,#1409,#1410,#1411,#1412,#1413,#1414,#1415));
#693=EDGE_LOOP('',(#1416,#1417,#1418,#1419,#1420,#1421,#1422));
#694=EDGE_LOOP('',(#1423,#1424,#1425,#1426));
#695=EDGE_LOOP('',(#1427,#1428,#1429,#1430,#1431,#1432,#1433,#1434));
#696=EDGE_LOOP('',(#1435,#1436,#1437,#1438));
#697=EDGE_LOOP('',(#1439,#1440,#1441,#1442));
#698=EDGE_LOOP('',(#1443,#1444,#1445,#1446));
#699=EDGE_LOOP('',(#1447,#1448,#1449,#1450));
#700=EDGE_LOOP('',(#1451,#1452,#1453,#1454,#1455,#1456,#1457,#1458,#1459,
#1460,#1461,#1462));
#701=EDGE_LOOP('',(#1463,#1464,#1465,#1466,#1467,#1468,#1469,#1470));
#702=EDGE_LOOP('',(#1471,#1472,#1473,#1474));
#703=EDGE_LOOP('',(#1475,#1476,#1477,#1478,#1479));
#704=EDGE_LOOP('',(#1480,#1481,#1482,#1483));
#705=EDGE_LOOP('',(#1484,#1485,#1486,#1487));
#706=EDGE_LOOP('',(#1488,#1489,#1490,#1491));
#707=EDGE_LOOP('',(#1492,#1493,#1494,#1495));
#708=EDGE_LOOP('',(#1496,#1497,#1498,#1499,#1500,#1501));
#709=EDGE_LOOP('',(#1502,#1503,#1504,#1505));
#710=EDGE_LOOP('',(#1506,#1507,#1508,#1509,#1510,#1511));
#711=EDGE_LOOP('',(#1512,#1513,#1514,#1515));
#712=EDGE_LOOP('',(#1516));
#713=EDGE_LOOP('',(#1517,#1518,#1519,#1520));
#714=EDGE_LOOP('',(#1521));
#715=EDGE_LOOP('',(#1522));
#716=EDGE_LOOP('',(#1523,#1524,#1525,#1526));
#717=EDGE_LOOP('',(#1527,#1528,#1529,#1530));
#718=EDGE_LOOP('',(#1531,#1532,#1533,#1534));
#719=EDGE_LOOP('',(#1535,#1536,#1537,#1538));
#720=EDGE_LOOP('',(#1539,#1540,#1541,#1542));
#721=EDGE_LOOP('',(#1543));
#722=EDGE_LOOP('',(#1544,#1545,#1546,#1547,#1548));
#723=EDGE_LOOP('',(#1549,#1550,#1551,#1552,#1553,#1554,#1555,#1556));
#724=EDGE_LOOP('',(#1557,#1558,#1559,#1560));
#725=EDGE_LOOP('',(#1561,#1562,#1563,#1564));
#726=EDGE_LOOP('',(#1565,#1566,#1567,#1568));
#727=EDGE_LOOP('',(#1569,#1570,#1571,#1572));
#728=EDGE_LOOP('',(#1573,#1574,#1575,#1576));
#729=EDGE_LOOP('',(#1577,#1578,#1579,#1580));
#730=EDGE_LOOP('',(#1581,#1582,#1583,#1584));
#731=EDGE_LOOP('',(#1585,#1586,#1587,#1588));
#732=EDGE_LOOP('',(#1589,#1590,#1591,#1592));
#733=EDGE_LOOP('',(#1593,#1594,#1595,#1596));
#734=EDGE_LOOP('',(#1597,#1598,#1599,#1600));
#735=EDGE_LOOP('',(#1601,#1602,#1603,#1604));
#736=EDGE_LOOP('',(#1605,#1606,#1607,#1608));
#737=EDGE_LOOP('',(#1609,#1610,#1611,#1612));
#738=EDGE_LOOP('',(#1613,#1614,#1615,#1616));
#739=EDGE_LOOP('',(#1617,#1618,#1619,#1620));
#740=EDGE_LOOP('',(#1621,#1622,#1623,#1624));
#741=EDGE_LOOP('',(#1625,#1626,#1627,#1628));
#742=EDGE_LOOP('',(#1629,#1630,#1631,#1632));
#743=EDGE_LOOP('',(#1633,#1634,#1635,#1636));
#744=EDGE_LOOP('',(#1637,#1638,#1639,#1640));
#745=EDGE_LOOP('',(#1641,#1642,#1643,#1644));
#746=EDGE_LOOP('',(#1645,#1646,#1647,#1648,#1649,#1650,#1651,#1652));
#747=EDGE_LOOP('',(#1653,#1654,#1655,#1656,#1657,#1658));
#748=EDGE_LOOP('',(#1659,#1660,#1661,#1662,#1663,#1664));
#749=EDGE_LOOP('',(#1665,#1666,#1667,#1668,#1669,#1670,#1671,#1672));
#750=EDGE_LOOP('',(#1673,#1674,#1675,#1676,#1677,#1678,#1679,#1680));
#751=ELLIPSE('',#1794,1.18310079157625,0.5);
#752=ELLIPSE('',#1796,2.72024401167034,2.5);
#753=ELLIPSE('',#1797,2.54950975679639,2.5);
#754=ELLIPSE('',#1798,2.54950975679639,2.5);
#755=ELLIPSE('',#1800,2.72024401167034,2.5);
#756=ELLIPSE('',#1802,1.18310079157625,0.5);
#757=ELLIPSE('',#1803,2.54950975679639,2.5);
#758=ELLIPSE('',#1804,2.54950975679639,2.5);
#759=ELLIPSE('',#1811,2.20675583792498,2.);
#760=ELLIPSE('',#1841,0.707106781186548,0.5);
#761=ELLIPSE('',#1842,0.707106781186548,0.5);
#762=ELLIPSE('',#1844,0.707106781186548,0.5);
#763=ELLIPSE('',#1846,0.707106781186548,0.5);
#764=ELLIPSE('',#1865,2.20675583792498,2.);
#765=CIRCLE('',#1793,2.);
#766=CIRCLE('',#1795,2.);
#767=CIRCLE('',#1799,2.);
#768=CIRCLE('',#1801,2.);
#769=CIRCLE('',#1806,2.5);
#770=CIRCLE('',#1809,2.5);
#771=CIRCLE('',#1815,2.);
#772=CIRCLE('',#1816,2.);
#773=CIRCLE('',#1852,2.);
#774=CIRCLE('',#1856,2.);
#775=CIRCLE('',#1875,10.);
#776=CIRCLE('',#1877,3.6);
#777=CIRCLE('',#1878,3.6);
#778=CIRCLE('',#1880,10.);
#779=VERTEX_POINT('',#2394);
#780=VERTEX_POINT('',#2395);
#781=VERTEX_POINT('',#2397);
#782=VERTEX_POINT('',#2399);
#783=VERTEX_POINT('',#2418);
#784=VERTEX_POINT('',#2446);
#785=VERTEX_POINT('',#2447);
#786=VERTEX_POINT('',#2449);
#787=VERTEX_POINT('',#2451);
#788=VERTEX_POINT('',#2470);
#789=VERTEX_POINT('',#2474);
#790=VERTEX_POINT('',#2476);
#791=VERTEX_POINT('',#2483);
#792=VERTEX_POINT('',#2485);
#793=VERTEX_POINT('',#2489);
#794=VERTEX_POINT('',#2491);
#795=VERTEX_POINT('',#2495);
#796=VERTEX_POINT('',#2497);
#797=VERTEX_POINT('',#2499);
#798=VERTEX_POINT('',#2501);
#799=VERTEX_POINT('',#2503);
#800=VERTEX_POINT('',#2505);
#801=VERTEX_POINT('',#2511);
#802=VERTEX_POINT('',#2513);
#803=VERTEX_POINT('',#2515);
#804=VERTEX_POINT('',#2519);
#805=VERTEX_POINT('',#2520);
#806=VERTEX_POINT('',#2522);
#807=VERTEX_POINT('',#2524);
#808=VERTEX_POINT('',#2528);
#809=VERTEX_POINT('',#2530);
#810=VERTEX_POINT('',#2534);
#811=VERTEX_POINT('',#2536);
#812=VERTEX_POINT('',#2540);
#813=VERTEX_POINT('',#2542);
#814=VERTEX_POINT('',#2546);
#815=VERTEX_POINT('',#2548);
#816=VERTEX_POINT('',#2556);
#817=VERTEX_POINT('',#2557);
#818=VERTEX_POINT('',#2559);
#819=VERTEX_POINT('',#2561);
#820=VERTEX_POINT('',#2565);
#821=VERTEX_POINT('',#2567);
#822=VERTEX_POINT('',#2571);
#823=VERTEX_POINT('',#2573);
#824=VERTEX_POINT('',#2577);
#825=VERTEX_POINT('',#2579);
#826=VERTEX_POINT('',#2583);
#827=VERTEX_POINT('',#2585);
#828=VERTEX_POINT('',#2593);
#829=VERTEX_POINT('',#2594);
#830=VERTEX_POINT('',#2596);
#831=VERTEX_POINT('',#2598);
#832=VERTEX_POINT('',#2602);
#833=VERTEX_POINT('',#2604);
#834=VERTEX_POINT('',#2608);
#835=VERTEX_POINT('',#2610);
#836=VERTEX_POINT('',#2612);
#837=VERTEX_POINT('',#2614);
#838=VERTEX_POINT('',#2616);
#839=VERTEX_POINT('',#2618);
#840=VERTEX_POINT('',#2620);
#841=VERTEX_POINT('',#2622);
#842=VERTEX_POINT('',#2624);
#843=VERTEX_POINT('',#2627);
#844=VERTEX_POINT('',#2628);
#845=VERTEX_POINT('',#2630);
#846=VERTEX_POINT('',#2632);
#847=VERTEX_POINT('',#2636);
#848=VERTEX_POINT('',#2637);
#849=VERTEX_POINT('',#2639);
#850=VERTEX_POINT('',#2641);
#851=VERTEX_POINT('',#2643);
#852=VERTEX_POINT('',#2645);
#853=VERTEX_POINT('',#2647);
#854=VERTEX_POINT('',#2649);
#855=VERTEX_POINT('',#2653);
#856=VERTEX_POINT('',#2654);
#857=VERTEX_POINT('',#2656);
#858=VERTEX_POINT('',#2658);
#859=VERTEX_POINT('',#2660);
#860=VERTEX_POINT('',#2662);
#861=VERTEX_POINT('',#2664);
#862=VERTEX_POINT('',#2666);
#863=VERTEX_POINT('',#2670);
#864=VERTEX_POINT('',#2671);
#865=VERTEX_POINT('',#2673);
#866=VERTEX_POINT('',#2675);
#867=VERTEX_POINT('',#2679);
#868=VERTEX_POINT('',#2681);
#869=VERTEX_POINT('',#2685);
#870=VERTEX_POINT('',#2687);
#871=VERTEX_POINT('',#2691);
#872=VERTEX_POINT('',#2692);
#873=VERTEX_POINT('',#2694);
#874=VERTEX_POINT('',#2697);
#875=VERTEX_POINT('',#2701);
#876=VERTEX_POINT('',#2702);
#877=VERTEX_POINT('',#2715);
#878=VERTEX_POINT('',#2716);
#879=VERTEX_POINT('',#2721);
#880=VERTEX_POINT('',#2722);
#881=VERTEX_POINT('',#2724);
#882=VERTEX_POINT('',#2726);
#883=VERTEX_POINT('',#2730);
#884=VERTEX_POINT('',#2731);
#885=VERTEX_POINT('',#2733);
#886=VERTEX_POINT('',#2735);
#887=VERTEX_POINT('',#2740);
#888=VERTEX_POINT('',#2742);
#889=VERTEX_POINT('',#2745);
#890=VERTEX_POINT('',#2749);
#891=VERTEX_POINT('',#2751);
#892=VERTEX_POINT('',#2753);
#893=VERTEX_POINT('',#2756);
#894=VERTEX_POINT('',#2760);
#895=VERTEX_POINT('',#2761);
#896=VERTEX_POINT('',#2763);
#897=VERTEX_POINT('',#2765);
#898=VERTEX_POINT('',#2773);
#899=VERTEX_POINT('',#2775);
#900=VERTEX_POINT('',#2780);
#901=VERTEX_POINT('',#2790);
#902=VERTEX_POINT('',#2793);
#903=VERTEX_POINT('',#2795);
#904=VERTEX_POINT('',#2799);
#905=VERTEX_POINT('',#2804);
#906=VERTEX_POINT('',#2808);
#907=VERTEX_POINT('',#2810);
#908=VERTEX_POINT('',#2814);
#909=VERTEX_POINT('',#2818);
#910=VERTEX_POINT('',#2822);
#911=VERTEX_POINT('',#2824);
#912=VERTEX_POINT('',#2828);
#913=VERTEX_POINT('',#2830);
#914=VERTEX_POINT('',#2838);
#915=VERTEX_POINT('',#2841);
#916=VERTEX_POINT('',#2843);
#917=VERTEX_POINT('',#2847);
#918=VERTEX_POINT('',#2850);
#919=VERTEX_POINT('',#2852);
#920=VERTEX_POINT('',#2856);
#921=VERTEX_POINT('',#2860);
#922=VERTEX_POINT('',#2871);
#923=VERTEX_POINT('',#2872);
#924=VERTEX_POINT('',#2877);
#925=VERTEX_POINT('',#2881);
#926=VERTEX_POINT('',#2885);
#927=VERTEX_POINT('',#2889);
#928=VERTEX_POINT('',#2893);
#929=VERTEX_POINT('',#2897);
#930=VERTEX_POINT('',#2903);
#931=VERTEX_POINT('',#2904);
#932=VERTEX_POINT('',#2909);
#933=VERTEX_POINT('',#2913);
#934=VERTEX_POINT('',#2917);
#935=VERTEX_POINT('',#2921);
#936=VERTEX_POINT('',#2925);
#937=VERTEX_POINT('',#2929);
#938=VERTEX_POINT('',#2935);
#939=VERTEX_POINT('',#2939);
#940=EDGE_CURVE('',#779,#780,#765,.T.);
#941=EDGE_CURVE('',#780,#781,#751,.T.);
#942=EDGE_CURVE('',#782,#781,#766,.T.);
#943=EDGE_CURVE('',#782,#779,#752,.T.);
#944=EDGE_CURVE('',#781,#783,#753,.T.);
#945=EDGE_CURVE('',#783,#782,#754,.T.);
#946=EDGE_CURVE('',#784,#785,#767,.T.);
#947=EDGE_CURVE('',#785,#786,#755,.T.);
#948=EDGE_CURVE('',#787,#786,#768,.T.);
#949=EDGE_CURVE('',#787,#784,#756,.T.);
#950=EDGE_CURVE('',#786,#788,#757,.T.);
#951=EDGE_CURVE('',#788,#787,#758,.T.);
#952=EDGE_CURVE('',#785,#789,#102,.T.);
#953=EDGE_CURVE('',#789,#790,#769,.T.);
#954=EDGE_CURVE('',#790,#788,#103,.T.);
#955=EDGE_CURVE('',#781,#787,#104,.T.);
#956=EDGE_CURVE('',#788,#783,#105,.T.);
#957=EDGE_CURVE('',#783,#791,#106,.T.);
#958=EDGE_CURVE('',#791,#792,#770,.T.);
#959=EDGE_CURVE('',#792,#779,#107,.T.);
#960=EDGE_CURVE('',#779,#793,#108,.T.);
#961=EDGE_CURVE('',#793,#794,#759,.T.);
#962=EDGE_CURVE('',#794,#780,#109,.T.);
#963=EDGE_CURVE('',#795,#792,#110,.T.);
#964=EDGE_CURVE('',#796,#795,#111,.T.);
#965=EDGE_CURVE('',#796,#797,#112,.T.);
#966=EDGE_CURVE('',#797,#798,#113,.T.);
#967=EDGE_CURVE('',#798,#799,#114,.T.);
#968=EDGE_CURVE('',#799,#800,#115,.T.);
#969=EDGE_CURVE('',#800,#793,#116,.T.);
#970=EDGE_CURVE('',#791,#790,#117,.T.);
#971=EDGE_CURVE('',#789,#801,#118,.T.);
#972=EDGE_CURVE('',#802,#801,#771,.T.);
#973=EDGE_CURVE('',#802,#803,#119,.T.);
#974=EDGE_CURVE('',#795,#803,#772,.T.);
#975=EDGE_CURVE('',#804,#805,#120,.T.);
#976=EDGE_CURVE('',#804,#806,#121,.T.);
#977=EDGE_CURVE('',#807,#806,#122,.T.);
#978=EDGE_CURVE('',#805,#807,#123,.T.);
#979=EDGE_CURVE('',#805,#808,#124,.T.);
#980=EDGE_CURVE('',#809,#807,#125,.T.);
#981=EDGE_CURVE('',#808,#809,#126,.T.);
#982=EDGE_CURVE('',#808,#810,#127,.T.);
#983=EDGE_CURVE('',#811,#809,#128,.T.);
#984=EDGE_CURVE('',#810,#811,#129,.T.);
#985=EDGE_CURVE('',#810,#812,#130,.T.);
#986=EDGE_CURVE('',#813,#811,#131,.T.);
#987=EDGE_CURVE('',#812,#813,#132,.T.);
#988=EDGE_CURVE('',#812,#814,#133,.T.);
#989=EDGE_CURVE('',#815,#813,#134,.T.);
#990=EDGE_CURVE('',#814,#815,#135,.T.);
#991=EDGE_CURVE('',#814,#804,#136,.T.);
#992=EDGE_CURVE('',#806,#815,#137,.T.);
#993=EDGE_CURVE('',#816,#817,#138,.T.);
#994=EDGE_CURVE('',#816,#818,#139,.T.);
#995=EDGE_CURVE('',#819,#818,#140,.T.);
#996=EDGE_CURVE('',#817,#819,#141,.T.);
#997=EDGE_CURVE('',#817,#820,#142,.T.);
#998=EDGE_CURVE('',#821,#819,#143,.T.);
#999=EDGE_CURVE('',#820,#821,#144,.T.);
#1000=EDGE_CURVE('',#820,#822,#145,.T.);
#1001=EDGE_CURVE('',#823,#821,#146,.T.);
#1002=EDGE_CURVE('',#822,#823,#147,.T.);
#1003=EDGE_CURVE('',#822,#824,#148,.T.);
#1004=EDGE_CURVE('',#825,#823,#149,.T.);
#1005=EDGE_CURVE('',#824,#825,#150,.T.);
#1006=EDGE_CURVE('',#824,#826,#151,.T.);
#1007=EDGE_CURVE('',#827,#825,#152,.T.);
#1008=EDGE_CURVE('',#826,#827,#153,.T.);
#1009=EDGE_CURVE('',#826,#816,#154,.T.);
#1010=EDGE_CURVE('',#818,#827,#155,.T.);
#1011=EDGE_CURVE('',#828,#829,#156,.T.);
#1012=EDGE_CURVE('',#830,#829,#157,.T.);
#1013=EDGE_CURVE('',#830,#831,#158,.T.);
#1014=EDGE_CURVE('',#828,#831,#159,.T.);
#1015=EDGE_CURVE('',#832,#830,#160,.T.);
#1016=EDGE_CURVE('',#833,#832,#161,.T.);
#1017=EDGE_CURVE('',#831,#833,#162,.T.);
#1018=EDGE_CURVE('',#829,#834,#163,.T.);
#1019=EDGE_CURVE('',#834,#835,#164,.T.);
#1020=EDGE_CURVE('',#835,#836,#165,.T.);
#1021=EDGE_CURVE('',#836,#837,#166,.T.);
#1022=EDGE_CURVE('',#837,#838,#167,.T.);
#1023=EDGE_CURVE('',#839,#838,#168,.T.);
#1024=EDGE_CURVE('',#840,#839,#169,.T.);
#1025=EDGE_CURVE('',#841,#840,#170,.F.);
#1026=EDGE_CURVE('',#842,#841,#171,.T.);
#1027=EDGE_CURVE('',#832,#842,#172,.T.);
#1028=EDGE_CURVE('',#843,#844,#173,.T.);
#1029=EDGE_CURVE('',#844,#845,#174,.T.);
#1030=EDGE_CURVE('',#845,#846,#175,.T.);
#1031=EDGE_CURVE('',#846,#843,#176,.T.);
#1032=EDGE_CURVE('',#847,#848,#177,.T.);
#1033=EDGE_CURVE('',#848,#849,#178,.T.);
#1034=EDGE_CURVE('',#849,#850,#179,.T.);
#1035=EDGE_CURVE('',#850,#851,#180,.T.);
#1036=EDGE_CURVE('',#851,#852,#181,.T.);
#1037=EDGE_CURVE('',#852,#853,#182,.T.);
#1038=EDGE_CURVE('',#853,#854,#183,.T.);
#1039=EDGE_CURVE('',#854,#847,#184,.T.);
#1040=EDGE_CURVE('',#855,#856,#185,.T.);
#1041=EDGE_CURVE('',#856,#857,#186,.T.);
#1042=EDGE_CURVE('',#857,#858,#187,.T.);
#1043=EDGE_CURVE('',#858,#859,#188,.T.);
#1044=EDGE_CURVE('',#859,#860,#189,.T.);
#1045=EDGE_CURVE('',#860,#861,#190,.T.);
#1046=EDGE_CURVE('',#861,#862,#191,.T.);
#1047=EDGE_CURVE('',#862,#855,#192,.T.);
#1048=EDGE_CURVE('',#863,#864,#193,.T.);
#1049=EDGE_CURVE('',#865,#863,#194,.T.);
#1050=EDGE_CURVE('',#866,#865,#195,.T.);
#1051=EDGE_CURVE('',#864,#866,#196,.T.);
#1052=EDGE_CURVE('',#867,#864,#197,.T.);
#1053=EDGE_CURVE('',#867,#868,#198,.T.);
#1054=EDGE_CURVE('',#863,#868,#199,.T.);
#1055=EDGE_CURVE('',#869,#867,#200,.T.);
#1056=EDGE_CURVE('',#870,#869,#201,.T.);
#1057=EDGE_CURVE('',#868,#870,#202,.T.);
#1058=EDGE_CURVE('',#871,#872,#203,.T.);
#1059=EDGE_CURVE('',#873,#871,#204,.T.);
#1060=EDGE_CURVE('',#865,#873,#205,.T.);
#1061=EDGE_CURVE('',#874,#870,#206,.T.);
#1062=EDGE_CURVE('',#872,#874,#207,.T.);
#1063=EDGE_CURVE('',#875,#876,#208,.T.);
#1064=EDGE_CURVE('',#876,#871,#760,.T.);
#1065=EDGE_CURVE('',#875,#872,#761,.T.);
#1066=EDGE_CURVE('',#876,#873,#762,.T.);
#1067=EDGE_CURVE('',#875,#874,#763,.T.);
#1068=EDGE_CURVE('',#870,#865,#209,.T.);
#1069=EDGE_CURVE('',#866,#869,#210,.T.);
#1070=EDGE_CURVE('',#877,#878,#211,.T.);
#1071=EDGE_CURVE('',#798,#877,#212,.T.);
#1072=EDGE_CURVE('',#878,#797,#213,.T.);
#1073=EDGE_CURVE('',#879,#880,#214,.T.);
#1074=EDGE_CURVE('',#881,#879,#215,.T.);
#1075=EDGE_CURVE('',#882,#881,#216,.T.);
#1076=EDGE_CURVE('',#880,#882,#217,.T.);
#1077=EDGE_CURVE('',#883,#884,#218,.T.);
#1078=EDGE_CURVE('',#885,#883,#219,.T.);
#1079=EDGE_CURVE('',#886,#885,#220,.T.);
#1080=EDGE_CURVE('',#878,#886,#221,.T.);
#1081=EDGE_CURVE('',#884,#796,#773,.T.);
#1082=EDGE_CURVE('',#887,#886,#222,.T.);
#1083=EDGE_CURVE('',#887,#888,#223,.T.);
#1084=EDGE_CURVE('',#888,#841,#224,.F.);
#1085=EDGE_CURVE('',#840,#889,#225,.T.);
#1086=EDGE_CURVE('',#889,#877,#226,.T.);
#1087=EDGE_CURVE('',#890,#785,#227,.T.);
#1088=EDGE_CURVE('',#890,#891,#228,.T.);
#1089=EDGE_CURVE('',#891,#892,#229,.T.);
#1090=EDGE_CURVE('',#892,#879,#230,.T.);
#1091=EDGE_CURVE('',#880,#893,#231,.T.);
#1092=EDGE_CURVE('',#801,#893,#232,.T.);
#1093=EDGE_CURVE('',#894,#895,#233,.T.);
#1094=EDGE_CURVE('',#894,#896,#234,.T.);
#1095=EDGE_CURVE('',#897,#896,#235,.T.);
#1096=EDGE_CURVE('',#893,#897,#774,.T.);
#1097=EDGE_CURVE('',#895,#882,#236,.T.);
#1098=EDGE_CURVE('',#897,#802,#237,.T.);
#1099=EDGE_CURVE('',#803,#884,#238,.T.);
#1100=EDGE_CURVE('',#896,#898,#239,.T.);
#1101=EDGE_CURVE('',#898,#899,#240,.T.);
#1102=EDGE_CURVE('',#899,#883,#241,.T.);
#1103=EDGE_CURVE('',#839,#891,#242,.T.);
#1104=EDGE_CURVE('',#900,#839,#243,.T.);
#1105=EDGE_CURVE('',#900,#892,#244,.T.);
#1106=EDGE_CURVE('',#881,#900,#245,.T.);
#1107=EDGE_CURVE('',#800,#840,#246,.T.);
#1108=EDGE_CURVE('',#799,#889,#247,.T.);
#1109=EDGE_CURVE('',#838,#901,#248,.T.);
#1110=EDGE_CURVE('',#901,#833,#249,.T.);
#1111=EDGE_CURVE('',#902,#842,#250,.T.);
#1112=EDGE_CURVE('',#902,#903,#251,.T.);
#1113=EDGE_CURVE('',#903,#895,#252,.F.);
#1114=EDGE_CURVE('',#904,#890,#764,.T.);
#1115=EDGE_CURVE('',#794,#904,#253,.T.);
#1116=EDGE_CURVE('',#828,#905,#254,.T.);
#1117=EDGE_CURVE('',#905,#901,#255,.T.);
#1118=EDGE_CURVE('',#836,#906,#256,.T.);
#1119=EDGE_CURVE('',#906,#907,#257,.T.);
#1120=EDGE_CURVE('',#837,#907,#258,.T.);
#1121=EDGE_CURVE('',#908,#835,#259,.T.);
#1122=EDGE_CURVE('',#908,#906,#260,.T.);
#1123=EDGE_CURVE('',#909,#908,#261,.T.);
#1124=EDGE_CURVE('',#907,#909,#262,.T.);
#1125=EDGE_CURVE('',#910,#905,#263,.T.);
#1126=EDGE_CURVE('',#911,#910,#264,.T.);
#1127=EDGE_CURVE('',#911,#828,#265,.T.);
#1128=EDGE_CURVE('',#912,#834,#266,.T.);
#1129=EDGE_CURVE('',#913,#912,#267,.T.);
#1130=EDGE_CURVE('',#913,#909,#268,.T.);
#1131=EDGE_CURVE('',#784,#904,#269,.T.);
#1132=EDGE_CURVE('',#912,#911,#270,.T.);
#1133=EDGE_CURVE('',#910,#913,#271,.T.);
#1134=EDGE_CURVE('',#914,#914,#775,.T.);
#1135=EDGE_CURVE('',#915,#915,#776,.T.);
#1136=EDGE_CURVE('',#915,#916,#272,.T.);
#1137=EDGE_CURVE('',#916,#916,#777,.T.);
#1138=EDGE_CURVE('',#917,#917,#778,.T.);
#1139=EDGE_CURVE('',#843,#918,#273,.T.);
#1140=EDGE_CURVE('',#919,#918,#274,.T.);
#1141=EDGE_CURVE('',#844,#919,#275,.T.);
#1142=EDGE_CURVE('',#920,#919,#276,.T.);
#1143=EDGE_CURVE('',#845,#920,#277,.T.);
#1144=EDGE_CURVE('',#921,#920,#278,.T.);
#1145=EDGE_CURVE('',#846,#921,#279,.T.);
#1146=EDGE_CURVE('',#918,#921,#280,.T.);
#1147=EDGE_CURVE('',#914,#917,#281,.T.);
#1148=EDGE_CURVE('',#922,#923,#282,.T.);
#1149=EDGE_CURVE('',#922,#855,#283,.T.);
#1150=EDGE_CURVE('',#923,#862,#284,.T.);
#1151=EDGE_CURVE('',#923,#924,#285,.T.);
#1152=EDGE_CURVE('',#924,#861,#286,.T.);
#1153=EDGE_CURVE('',#924,#925,#287,.T.);
#1154=EDGE_CURVE('',#925,#860,#288,.T.);
#1155=EDGE_CURVE('',#925,#926,#289,.T.);
#1156=EDGE_CURVE('',#926,#859,#290,.T.);
#1157=EDGE_CURVE('',#926,#927,#291,.T.);
#1158=EDGE_CURVE('',#927,#858,#292,.T.);
#1159=EDGE_CURVE('',#927,#928,#293,.T.);
#1160=EDGE_CURVE('',#928,#857,#294,.T.);
#1161=EDGE_CURVE('',#928,#929,#295,.T.);
#1162=EDGE_CURVE('',#929,#856,#296,.T.);
#1163=EDGE_CURVE('',#929,#922,#297,.T.);
#1164=EDGE_CURVE('',#930,#931,#298,.T.);
#1165=EDGE_CURVE('',#930,#847,#299,.T.);
#1166=EDGE_CURVE('',#931,#854,#300,.T.);
#1167=EDGE_CURVE('',#931,#932,#301,.T.);
#1168=EDGE_CURVE('',#932,#853,#302,.T.);
#1169=EDGE_CURVE('',#932,#933,#303,.T.);
#1170=EDGE_CURVE('',#933,#852,#304,.T.);
#1171=EDGE_CURVE('',#933,#934,#305,.T.);
#1172=EDGE_CURVE('',#934,#851,#306,.T.);
#1173=EDGE_CURVE('',#934,#935,#307,.T.);
#1174=EDGE_CURVE('',#935,#850,#308,.T.);
#1175=EDGE_CURVE('',#935,#936,#309,.T.);
#1176=EDGE_CURVE('',#936,#849,#310,.T.);
#1177=EDGE_CURVE('',#936,#937,#311,.T.);
#1178=EDGE_CURVE('',#937,#848,#312,.T.);
#1179=EDGE_CURVE('',#937,#930,#313,.T.);
#1180=EDGE_CURVE('',#938,#894,#314,.T.);
#1181=EDGE_CURVE('',#938,#898,#315,.T.);
#1182=EDGE_CURVE('',#939,#899,#316,.T.);
#1183=EDGE_CURVE('',#885,#939,#317,.T.);
#1184=EDGE_CURVE('',#939,#887,#318,.T.);
#1185=EDGE_CURVE('',#903,#938,#319,.T.);
#1186=EDGE_CURVE('',#888,#902,#320,.T.);
#1187=ORIENTED_EDGE('',*,*,#940,.T.);
#1188=ORIENTED_EDGE('',*,*,#941,.T.);
#1189=ORIENTED_EDGE('',*,*,#942,.F.);
#1190=ORIENTED_EDGE('',*,*,#943,.T.);
#1191=ORIENTED_EDGE('',*,*,#942,.T.);
#1192=ORIENTED_EDGE('',*,*,#944,.T.);
#1193=ORIENTED_EDGE('',*,*,#945,.T.);
#1194=ORIENTED_EDGE('',*,*,#946,.T.);
#1195=ORIENTED_EDGE('',*,*,#947,.T.);
#1196=ORIENTED_EDGE('',*,*,#948,.F.);
#1197=ORIENTED_EDGE('',*,*,#949,.T.);
#1198=ORIENTED_EDGE('',*,*,#948,.T.);
#1199=ORIENTED_EDGE('',*,*,#950,.T.);
#1200=ORIENTED_EDGE('',*,*,#951,.T.);
#1201=ORIENTED_EDGE('',*,*,#950,.F.);
#1202=ORIENTED_EDGE('',*,*,#947,.F.);
#1203=ORIENTED_EDGE('',*,*,#952,.T.);
#1204=ORIENTED_EDGE('',*,*,#953,.T.);
#1205=ORIENTED_EDGE('',*,*,#954,.T.);
#1206=ORIENTED_EDGE('',*,*,#944,.F.);
#1207=ORIENTED_EDGE('',*,*,#955,.T.);
#1208=ORIENTED_EDGE('',*,*,#951,.F.);
#1209=ORIENTED_EDGE('',*,*,#956,.T.);
#1210=ORIENTED_EDGE('',*,*,#943,.F.);
#1211=ORIENTED_EDGE('',*,*,#945,.F.);
#1212=ORIENTED_EDGE('',*,*,#957,.T.);
#1213=ORIENTED_EDGE('',*,*,#958,.T.);
#1214=ORIENTED_EDGE('',*,*,#959,.T.);
#1215=ORIENTED_EDGE('',*,*,#940,.F.);
#1216=ORIENTED_EDGE('',*,*,#960,.T.);
#1217=ORIENTED_EDGE('',*,*,#961,.T.);
#1218=ORIENTED_EDGE('',*,*,#962,.T.);
#1219=ORIENTED_EDGE('',*,*,#959,.F.);
#1220=ORIENTED_EDGE('',*,*,#963,.F.);
#1221=ORIENTED_EDGE('',*,*,#964,.F.);
#1222=ORIENTED_EDGE('',*,*,#965,.T.);
#1223=ORIENTED_EDGE('',*,*,#966,.T.);
#1224=ORIENTED_EDGE('',*,*,#967,.T.);
#1225=ORIENTED_EDGE('',*,*,#968,.T.);
#1226=ORIENTED_EDGE('',*,*,#969,.T.);
#1227=ORIENTED_EDGE('',*,*,#960,.F.);
#1228=ORIENTED_EDGE('',*,*,#957,.F.);
#1229=ORIENTED_EDGE('',*,*,#956,.F.);
#1230=ORIENTED_EDGE('',*,*,#954,.F.);
#1231=ORIENTED_EDGE('',*,*,#970,.F.);
#1232=ORIENTED_EDGE('',*,*,#958,.F.);
#1233=ORIENTED_EDGE('',*,*,#970,.T.);
#1234=ORIENTED_EDGE('',*,*,#953,.F.);
#1235=ORIENTED_EDGE('',*,*,#971,.T.);
#1236=ORIENTED_EDGE('',*,*,#972,.F.);
#1237=ORIENTED_EDGE('',*,*,#973,.T.);
#1238=ORIENTED_EDGE('',*,*,#974,.F.);
#1239=ORIENTED_EDGE('',*,*,#963,.T.);
#1240=ORIENTED_EDGE('',*,*,#975,.F.);
#1241=ORIENTED_EDGE('',*,*,#976,.T.);
#1242=ORIENTED_EDGE('',*,*,#977,.F.);
#1243=ORIENTED_EDGE('',*,*,#978,.F.);
#1244=ORIENTED_EDGE('',*,*,#979,.F.);
#1245=ORIENTED_EDGE('',*,*,#978,.T.);
#1246=ORIENTED_EDGE('',*,*,#980,.F.);
#1247=ORIENTED_EDGE('',*,*,#981,.F.);
#1248=ORIENTED_EDGE('',*,*,#982,.F.);
#1249=ORIENTED_EDGE('',*,*,#981,.T.);
#1250=ORIENTED_EDGE('',*,*,#983,.F.);
#1251=ORIENTED_EDGE('',*,*,#984,.F.);
#1252=ORIENTED_EDGE('',*,*,#985,.F.);
#1253=ORIENTED_EDGE('',*,*,#984,.T.);
#1254=ORIENTED_EDGE('',*,*,#986,.F.);
#1255=ORIENTED_EDGE('',*,*,#987,.F.);
#1256=ORIENTED_EDGE('',*,*,#988,.F.);
#1257=ORIENTED_EDGE('',*,*,#987,.T.);
#1258=ORIENTED_EDGE('',*,*,#989,.F.);
#1259=ORIENTED_EDGE('',*,*,#990,.F.);
#1260=ORIENTED_EDGE('',*,*,#991,.F.);
#1261=ORIENTED_EDGE('',*,*,#990,.T.);
#1262=ORIENTED_EDGE('',*,*,#992,.F.);
#1263=ORIENTED_EDGE('',*,*,#976,.F.);
#1264=ORIENTED_EDGE('',*,*,#992,.T.);
#1265=ORIENTED_EDGE('',*,*,#989,.T.);
#1266=ORIENTED_EDGE('',*,*,#986,.T.);
#1267=ORIENTED_EDGE('',*,*,#983,.T.);
#1268=ORIENTED_EDGE('',*,*,#980,.T.);
#1269=ORIENTED_EDGE('',*,*,#977,.T.);
#1270=ORIENTED_EDGE('',*,*,#993,.F.);
#1271=ORIENTED_EDGE('',*,*,#994,.T.);
#1272=ORIENTED_EDGE('',*,*,#995,.F.);
#1273=ORIENTED_EDGE('',*,*,#996,.F.);
#1274=ORIENTED_EDGE('',*,*,#997,.F.);
#1275=ORIENTED_EDGE('',*,*,#996,.T.);
#1276=ORIENTED_EDGE('',*,*,#998,.F.);
#1277=ORIENTED_EDGE('',*,*,#999,.F.);
#1278=ORIENTED_EDGE('',*,*,#1000,.F.);
#1279=ORIENTED_EDGE('',*,*,#999,.T.);
#1280=ORIENTED_EDGE('',*,*,#1001,.F.);
#1281=ORIENTED_EDGE('',*,*,#1002,.F.);
#1282=ORIENTED_EDGE('',*,*,#1003,.F.);
#1283=ORIENTED_EDGE('',*,*,#1002,.T.);
#1284=ORIENTED_EDGE('',*,*,#1004,.F.);
#1285=ORIENTED_EDGE('',*,*,#1005,.F.);
#1286=ORIENTED_EDGE('',*,*,#1006,.F.);
#1287=ORIENTED_EDGE('',*,*,#1005,.T.);
#1288=ORIENTED_EDGE('',*,*,#1007,.F.);
#1289=ORIENTED_EDGE('',*,*,#1008,.F.);
#1290=ORIENTED_EDGE('',*,*,#1009,.F.);
#1291=ORIENTED_EDGE('',*,*,#1008,.T.);
#1292=ORIENTED_EDGE('',*,*,#1010,.F.);
#1293=ORIENTED_EDGE('',*,*,#994,.F.);
#1294=ORIENTED_EDGE('',*,*,#1010,.T.);
#1295=ORIENTED_EDGE('',*,*,#1007,.T.);
#1296=ORIENTED_EDGE('',*,*,#1004,.T.);
#1297=ORIENTED_EDGE('',*,*,#1001,.T.);
#1298=ORIENTED_EDGE('',*,*,#998,.T.);
#1299=ORIENTED_EDGE('',*,*,#995,.T.);
#1300=ORIENTED_EDGE('',*,*,#1011,.T.);
#1301=ORIENTED_EDGE('',*,*,#1012,.F.);
#1302=ORIENTED_EDGE('',*,*,#1013,.T.);
#1303=ORIENTED_EDGE('',*,*,#1014,.F.);
#1304=ORIENTED_EDGE('',*,*,#1015,.F.);
#1305=ORIENTED_EDGE('',*,*,#1016,.F.);
#1306=ORIENTED_EDGE('',*,*,#1017,.F.);
#1307=ORIENTED_EDGE('',*,*,#1013,.F.);
#1308=ORIENTED_EDGE('',*,*,#1015,.T.);
#1309=ORIENTED_EDGE('',*,*,#1012,.T.);
#1310=ORIENTED_EDGE('',*,*,#1018,.T.);
#1311=ORIENTED_EDGE('',*,*,#1019,.T.);
#1312=ORIENTED_EDGE('',*,*,#1020,.T.);
#1313=ORIENTED_EDGE('',*,*,#1021,.T.);
#1314=ORIENTED_EDGE('',*,*,#1022,.T.);
#1315=ORIENTED_EDGE('',*,*,#1023,.F.);
#1316=ORIENTED_EDGE('',*,*,#1024,.F.);
#1317=ORIENTED_EDGE('',*,*,#1025,.F.);
#1318=ORIENTED_EDGE('',*,*,#1026,.F.);
#1319=ORIENTED_EDGE('',*,*,#1027,.F.);
#1320=ORIENTED_EDGE('',*,*,#1028,.T.);
#1321=ORIENTED_EDGE('',*,*,#1029,.T.);
#1322=ORIENTED_EDGE('',*,*,#1030,.T.);
#1323=ORIENTED_EDGE('',*,*,#1031,.T.);
#1324=ORIENTED_EDGE('',*,*,#1032,.T.);
#1325=ORIENTED_EDGE('',*,*,#1033,.T.);
#1326=ORIENTED_EDGE('',*,*,#1034,.T.);
#1327=ORIENTED_EDGE('',*,*,#1035,.T.);
#1328=ORIENTED_EDGE('',*,*,#1036,.T.);
#1329=ORIENTED_EDGE('',*,*,#1037,.T.);
#1330=ORIENTED_EDGE('',*,*,#1038,.T.);
#1331=ORIENTED_EDGE('',*,*,#1039,.T.);
#1332=ORIENTED_EDGE('',*,*,#1040,.T.);
#1333=ORIENTED_EDGE('',*,*,#1041,.T.);
#1334=ORIENTED_EDGE('',*,*,#1042,.T.);
#1335=ORIENTED_EDGE('',*,*,#1043,.T.);
#1336=ORIENTED_EDGE('',*,*,#1044,.T.);
#1337=ORIENTED_EDGE('',*,*,#1045,.T.);
#1338=ORIENTED_EDGE('',*,*,#1046,.T.);
#1339=ORIENTED_EDGE('',*,*,#1047,.T.);
#1340=ORIENTED_EDGE('',*,*,#1048,.F.);
#1341=ORIENTED_EDGE('',*,*,#1049,.F.);
#1342=ORIENTED_EDGE('',*,*,#1050,.F.);
#1343=ORIENTED_EDGE('',*,*,#1051,.F.);
#1344=ORIENTED_EDGE('',*,*,#1048,.T.);
#1345=ORIENTED_EDGE('',*,*,#1052,.F.);
#1346=ORIENTED_EDGE('',*,*,#1053,.T.);
#1347=ORIENTED_EDGE('',*,*,#1054,.F.);
#1348=ORIENTED_EDGE('',*,*,#1053,.F.);
#1349=ORIENTED_EDGE('',*,*,#1055,.F.);
#1350=ORIENTED_EDGE('',*,*,#1056,.F.);
#1351=ORIENTED_EDGE('',*,*,#1057,.F.);
#1352=ORIENTED_EDGE('',*,*,#1058,.F.);
#1353=ORIENTED_EDGE('',*,*,#1059,.F.);
#1354=ORIENTED_EDGE('',*,*,#1060,.F.);
#1355=ORIENTED_EDGE('',*,*,#1049,.T.);
#1356=ORIENTED_EDGE('',*,*,#1054,.T.);
#1357=ORIENTED_EDGE('',*,*,#1057,.T.);
#1358=ORIENTED_EDGE('',*,*,#1061,.F.);
#1359=ORIENTED_EDGE('',*,*,#1062,.F.);
#1360=ORIENTED_EDGE('',*,*,#1063,.T.);
#1361=ORIENTED_EDGE('',*,*,#1064,.T.);
#1362=ORIENTED_EDGE('',*,*,#1058,.T.);
#1363=ORIENTED_EDGE('',*,*,#1065,.F.);
#1364=ORIENTED_EDGE('',*,*,#1066,.T.);
#1365=ORIENTED_EDGE('',*,*,#1059,.T.);
#1366=ORIENTED_EDGE('',*,*,#1064,.F.);
#1367=ORIENTED_EDGE('',*,*,#1063,.F.);
#1368=ORIENTED_EDGE('',*,*,#1067,.T.);
#1369=ORIENTED_EDGE('',*,*,#1061,.T.);
#1370=ORIENTED_EDGE('',*,*,#1068,.T.);
#1371=ORIENTED_EDGE('',*,*,#1060,.T.);
#1372=ORIENTED_EDGE('',*,*,#1066,.F.);
#1373=ORIENTED_EDGE('',*,*,#1065,.T.);
#1374=ORIENTED_EDGE('',*,*,#1062,.T.);
#1375=ORIENTED_EDGE('',*,*,#1067,.F.);
#1376=ORIENTED_EDGE('',*,*,#1050,.T.);
#1377=ORIENTED_EDGE('',*,*,#1068,.F.);
#1378=ORIENTED_EDGE('',*,*,#1056,.T.);
#1379=ORIENTED_EDGE('',*,*,#1069,.F.);
#1380=ORIENTED_EDGE('',*,*,#1070,.F.);
#1381=ORIENTED_EDGE('',*,*,#1071,.F.);
#1382=ORIENTED_EDGE('',*,*,#966,.F.);
#1383=ORIENTED_EDGE('',*,*,#1072,.F.);
#1384=ORIENTED_EDGE('',*,*,#1073,.F.);
#1385=ORIENTED_EDGE('',*,*,#1074,.F.);
#1386=ORIENTED_EDGE('',*,*,#1075,.F.);
#1387=ORIENTED_EDGE('',*,*,#1076,.F.);
#1388=ORIENTED_EDGE('',*,*,#1077,.F.);
#1389=ORIENTED_EDGE('',*,*,#1078,.F.);
#1390=ORIENTED_EDGE('',*,*,#1079,.F.);
#1391=ORIENTED_EDGE('',*,*,#1080,.F.);
#1392=ORIENTED_EDGE('',*,*,#1072,.T.);
#1393=ORIENTED_EDGE('',*,*,#965,.F.);
#1394=ORIENTED_EDGE('',*,*,#1081,.F.);
#1395=ORIENTED_EDGE('',*,*,#1055,.T.);
#1396=ORIENTED_EDGE('',*,*,#1052,.T.);
#1397=ORIENTED_EDGE('',*,*,#1051,.T.);
#1398=ORIENTED_EDGE('',*,*,#1069,.T.);
#1399=ORIENTED_EDGE('',*,*,#1070,.T.);
#1400=ORIENTED_EDGE('',*,*,#1080,.T.);
#1401=ORIENTED_EDGE('',*,*,#1082,.F.);
#1402=ORIENTED_EDGE('',*,*,#1083,.T.);
#1403=ORIENTED_EDGE('',*,*,#1084,.T.);
#1404=ORIENTED_EDGE('',*,*,#1025,.T.);
#1405=ORIENTED_EDGE('',*,*,#1085,.T.);
#1406=ORIENTED_EDGE('',*,*,#1086,.T.);
#1407=ORIENTED_EDGE('',*,*,#952,.F.);
#1408=ORIENTED_EDGE('',*,*,#1087,.F.);
#1409=ORIENTED_EDGE('',*,*,#1088,.T.);
#1410=ORIENTED_EDGE('',*,*,#1089,.T.);
#1411=ORIENTED_EDGE('',*,*,#1090,.T.);
#1412=ORIENTED_EDGE('',*,*,#1073,.T.);
#1413=ORIENTED_EDGE('',*,*,#1091,.T.);
#1414=ORIENTED_EDGE('',*,*,#1092,.F.);
#1415=ORIENTED_EDGE('',*,*,#971,.F.);
#1416=ORIENTED_EDGE('',*,*,#1093,.F.);
#1417=ORIENTED_EDGE('',*,*,#1094,.T.);
#1418=ORIENTED_EDGE('',*,*,#1095,.F.);
#1419=ORIENTED_EDGE('',*,*,#1096,.F.);
#1420=ORIENTED_EDGE('',*,*,#1091,.F.);
#1421=ORIENTED_EDGE('',*,*,#1076,.T.);
#1422=ORIENTED_EDGE('',*,*,#1097,.F.);
#1423=ORIENTED_EDGE('',*,*,#1096,.T.);
#1424=ORIENTED_EDGE('',*,*,#1098,.T.);
#1425=ORIENTED_EDGE('',*,*,#972,.T.);
#1426=ORIENTED_EDGE('',*,*,#1092,.T.);
#1427=ORIENTED_EDGE('',*,*,#1077,.T.);
#1428=ORIENTED_EDGE('',*,*,#1099,.F.);
#1429=ORIENTED_EDGE('',*,*,#973,.F.);
#1430=ORIENTED_EDGE('',*,*,#1098,.F.);
#1431=ORIENTED_EDGE('',*,*,#1095,.T.);
#1432=ORIENTED_EDGE('',*,*,#1100,.T.);
#1433=ORIENTED_EDGE('',*,*,#1101,.T.);
#1434=ORIENTED_EDGE('',*,*,#1102,.T.);
#1435=ORIENTED_EDGE('',*,*,#1103,.F.);
#1436=ORIENTED_EDGE('',*,*,#1104,.F.);
#1437=ORIENTED_EDGE('',*,*,#1105,.T.);
#1438=ORIENTED_EDGE('',*,*,#1089,.F.);
#1439=ORIENTED_EDGE('',*,*,#1074,.T.);
#1440=ORIENTED_EDGE('',*,*,#1090,.F.);
#1441=ORIENTED_EDGE('',*,*,#1105,.F.);
#1442=ORIENTED_EDGE('',*,*,#1106,.F.);
#1443=ORIENTED_EDGE('',*,*,#1107,.F.);
#1444=ORIENTED_EDGE('',*,*,#968,.F.);
#1445=ORIENTED_EDGE('',*,*,#1108,.T.);
#1446=ORIENTED_EDGE('',*,*,#1085,.F.);
#1447=ORIENTED_EDGE('',*,*,#1071,.T.);
#1448=ORIENTED_EDGE('',*,*,#1086,.F.);
#1449=ORIENTED_EDGE('',*,*,#1108,.F.);
#1450=ORIENTED_EDGE('',*,*,#967,.F.);
#1451=ORIENTED_EDGE('',*,*,#1075,.T.);
#1452=ORIENTED_EDGE('',*,*,#1106,.T.);
#1453=ORIENTED_EDGE('',*,*,#1104,.T.);
#1454=ORIENTED_EDGE('',*,*,#1023,.T.);
#1455=ORIENTED_EDGE('',*,*,#1109,.T.);
#1456=ORIENTED_EDGE('',*,*,#1110,.T.);
#1457=ORIENTED_EDGE('',*,*,#1016,.T.);
#1458=ORIENTED_EDGE('',*,*,#1027,.T.);
#1459=ORIENTED_EDGE('',*,*,#1111,.F.);
#1460=ORIENTED_EDGE('',*,*,#1112,.T.);
#1461=ORIENTED_EDGE('',*,*,#1113,.T.);
#1462=ORIENTED_EDGE('',*,*,#1097,.T.);
#1463=ORIENTED_EDGE('',*,*,#1103,.T.);
#1464=ORIENTED_EDGE('',*,*,#1088,.F.);
#1465=ORIENTED_EDGE('',*,*,#1114,.F.);
#1466=ORIENTED_EDGE('',*,*,#1115,.F.);
#1467=ORIENTED_EDGE('',*,*,#961,.F.);
#1468=ORIENTED_EDGE('',*,*,#969,.F.);
#1469=ORIENTED_EDGE('',*,*,#1107,.T.);
#1470=ORIENTED_EDGE('',*,*,#1024,.T.);
#1471=ORIENTED_EDGE('',*,*,#1081,.T.);
#1472=ORIENTED_EDGE('',*,*,#964,.T.);
#1473=ORIENTED_EDGE('',*,*,#974,.T.);
#1474=ORIENTED_EDGE('',*,*,#1099,.T.);
#1475=ORIENTED_EDGE('',*,*,#1116,.F.);
#1476=ORIENTED_EDGE('',*,*,#1014,.T.);
#1477=ORIENTED_EDGE('',*,*,#1017,.T.);
#1478=ORIENTED_EDGE('',*,*,#1110,.F.);
#1479=ORIENTED_EDGE('',*,*,#1117,.F.);
#1480=ORIENTED_EDGE('',*,*,#1021,.F.);
#1481=ORIENTED_EDGE('',*,*,#1118,.T.);
#1482=ORIENTED_EDGE('',*,*,#1119,.T.);
#1483=ORIENTED_EDGE('',*,*,#1120,.F.);
#1484=ORIENTED_EDGE('',*,*,#1020,.F.);
#1485=ORIENTED_EDGE('',*,*,#1121,.F.);
#1486=ORIENTED_EDGE('',*,*,#1122,.T.);
#1487=ORIENTED_EDGE('',*,*,#1118,.F.);
#1488=ORIENTED_EDGE('',*,*,#1123,.F.);
#1489=ORIENTED_EDGE('',*,*,#1124,.F.);
#1490=ORIENTED_EDGE('',*,*,#1119,.F.);
#1491=ORIENTED_EDGE('',*,*,#1122,.F.);
#1492=ORIENTED_EDGE('',*,*,#1116,.T.);
#1493=ORIENTED_EDGE('',*,*,#1125,.F.);
#1494=ORIENTED_EDGE('',*,*,#1126,.F.);
#1495=ORIENTED_EDGE('',*,*,#1127,.T.);
#1496=ORIENTED_EDGE('',*,*,#1123,.T.);
#1497=ORIENTED_EDGE('',*,*,#1121,.T.);
#1498=ORIENTED_EDGE('',*,*,#1019,.F.);
#1499=ORIENTED_EDGE('',*,*,#1128,.F.);
#1500=ORIENTED_EDGE('',*,*,#1129,.F.);
#1501=ORIENTED_EDGE('',*,*,#1130,.T.);
#1502=ORIENTED_EDGE('',*,*,#946,.F.);
#1503=ORIENTED_EDGE('',*,*,#1131,.T.);
#1504=ORIENTED_EDGE('',*,*,#1114,.T.);
#1505=ORIENTED_EDGE('',*,*,#1087,.T.);
#1506=ORIENTED_EDGE('',*,*,#941,.F.);
#1507=ORIENTED_EDGE('',*,*,#962,.F.);
#1508=ORIENTED_EDGE('',*,*,#1115,.T.);
#1509=ORIENTED_EDGE('',*,*,#1131,.F.);
#1510=ORIENTED_EDGE('',*,*,#949,.F.);
#1511=ORIENTED_EDGE('',*,*,#955,.F.);
#1512=ORIENTED_EDGE('',*,*,#1129,.T.);
#1513=ORIENTED_EDGE('',*,*,#1132,.T.);
#1514=ORIENTED_EDGE('',*,*,#1126,.T.);
#1515=ORIENTED_EDGE('',*,*,#1133,.T.);
#1516=ORIENTED_EDGE('',*,*,#1134,.T.);
#1517=ORIENTED_EDGE('',*,*,#1135,.F.);
#1518=ORIENTED_EDGE('',*,*,#1136,.T.);
#1519=ORIENTED_EDGE('',*,*,#1137,.F.);
#1520=ORIENTED_EDGE('',*,*,#1136,.F.);
#1521=ORIENTED_EDGE('',*,*,#1138,.T.);
#1522=ORIENTED_EDGE('',*,*,#1137,.T.);
#1523=ORIENTED_EDGE('',*,*,#1028,.F.);
#1524=ORIENTED_EDGE('',*,*,#1139,.T.);
#1525=ORIENTED_EDGE('',*,*,#1140,.F.);
#1526=ORIENTED_EDGE('',*,*,#1141,.F.);
#1527=ORIENTED_EDGE('',*,*,#1029,.F.);
#1528=ORIENTED_EDGE('',*,*,#1141,.T.);
#1529=ORIENTED_EDGE('',*,*,#1142,.F.);
#1530=ORIENTED_EDGE('',*,*,#1143,.F.);
#1531=ORIENTED_EDGE('',*,*,#1030,.F.);
#1532=ORIENTED_EDGE('',*,*,#1143,.T.);
#1533=ORIENTED_EDGE('',*,*,#1144,.F.);
#1534=ORIENTED_EDGE('',*,*,#1145,.F.);
#1535=ORIENTED_EDGE('',*,*,#1031,.F.);
#1536=ORIENTED_EDGE('',*,*,#1145,.T.);
#1537=ORIENTED_EDGE('',*,*,#1146,.F.);
#1538=ORIENTED_EDGE('',*,*,#1139,.F.);
#1539=ORIENTED_EDGE('',*,*,#1146,.T.);
#1540=ORIENTED_EDGE('',*,*,#1144,.T.);
#1541=ORIENTED_EDGE('',*,*,#1142,.T.);
#1542=ORIENTED_EDGE('',*,*,#1140,.T.);
#1543=ORIENTED_EDGE('',*,*,#1135,.T.);
#1544=ORIENTED_EDGE('',*,*,#1018,.F.);
#1545=ORIENTED_EDGE('',*,*,#1011,.F.);
#1546=ORIENTED_EDGE('',*,*,#1127,.F.);
#1547=ORIENTED_EDGE('',*,*,#1132,.F.);
#1548=ORIENTED_EDGE('',*,*,#1128,.T.);
#1549=ORIENTED_EDGE('',*,*,#1022,.F.);
#1550=ORIENTED_EDGE('',*,*,#1120,.T.);
#1551=ORIENTED_EDGE('',*,*,#1124,.T.);
#1552=ORIENTED_EDGE('',*,*,#1130,.F.);
#1553=ORIENTED_EDGE('',*,*,#1133,.F.);
#1554=ORIENTED_EDGE('',*,*,#1125,.T.);
#1555=ORIENTED_EDGE('',*,*,#1117,.T.);
#1556=ORIENTED_EDGE('',*,*,#1109,.F.);
#1557=ORIENTED_EDGE('',*,*,#1134,.F.);
#1558=ORIENTED_EDGE('',*,*,#1147,.T.);
#1559=ORIENTED_EDGE('',*,*,#1138,.F.);
#1560=ORIENTED_EDGE('',*,*,#1147,.F.);
#1561=ORIENTED_EDGE('',*,*,#1148,.F.);
#1562=ORIENTED_EDGE('',*,*,#1149,.T.);
#1563=ORIENTED_EDGE('',*,*,#1047,.F.);
#1564=ORIENTED_EDGE('',*,*,#1150,.F.);
#1565=ORIENTED_EDGE('',*,*,#1151,.F.);
#1566=ORIENTED_EDGE('',*,*,#1150,.T.);
#1567=ORIENTED_EDGE('',*,*,#1046,.F.);
#1568=ORIENTED_EDGE('',*,*,#1152,.F.);
#1569=ORIENTED_EDGE('',*,*,#1153,.F.);
#1570=ORIENTED_EDGE('',*,*,#1152,.T.);
#1571=ORIENTED_EDGE('',*,*,#1045,.F.);
#1572=ORIENTED_EDGE('',*,*,#1154,.F.);
#1573=ORIENTED_EDGE('',*,*,#1155,.F.);
#1574=ORIENTED_EDGE('',*,*,#1154,.T.);
#1575=ORIENTED_EDGE('',*,*,#1044,.F.);
#1576=ORIENTED_EDGE('',*,*,#1156,.F.);
#1577=ORIENTED_EDGE('',*,*,#1157,.F.);
#1578=ORIENTED_EDGE('',*,*,#1156,.T.);
#1579=ORIENTED_EDGE('',*,*,#1043,.F.);
#1580=ORIENTED_EDGE('',*,*,#1158,.F.);
#1581=ORIENTED_EDGE('',*,*,#1159,.F.);
#1582=ORIENTED_EDGE('',*,*,#1158,.T.);
#1583=ORIENTED_EDGE('',*,*,#1042,.F.);
#1584=ORIENTED_EDGE('',*,*,#1160,.F.);
#1585=ORIENTED_EDGE('',*,*,#1161,.F.);
#1586=ORIENTED_EDGE('',*,*,#1160,.T.);
#1587=ORIENTED_EDGE('',*,*,#1041,.F.);
#1588=ORIENTED_EDGE('',*,*,#1162,.F.);
#1589=ORIENTED_EDGE('',*,*,#1163,.F.);
#1590=ORIENTED_EDGE('',*,*,#1162,.T.);
#1591=ORIENTED_EDGE('',*,*,#1040,.F.);
#1592=ORIENTED_EDGE('',*,*,#1149,.F.);
#1593=ORIENTED_EDGE('',*,*,#1164,.F.);
#1594=ORIENTED_EDGE('',*,*,#1165,.T.);
#1595=ORIENTED_EDGE('',*,*,#1039,.F.);
#1596=ORIENTED_EDGE('',*,*,#1166,.F.);
#1597=ORIENTED_EDGE('',*,*,#1167,.F.);
#1598=ORIENTED_EDGE('',*,*,#1166,.T.);
#1599=ORIENTED_EDGE('',*,*,#1038,.F.);
#1600=ORIENTED_EDGE('',*,*,#1168,.F.);
#1601=ORIENTED_EDGE('',*,*,#1169,.F.);
#1602=ORIENTED_EDGE('',*,*,#1168,.T.);
#1603=ORIENTED_EDGE('',*,*,#1037,.F.);
#1604=ORIENTED_EDGE('',*,*,#1170,.F.);
#1605=ORIENTED_EDGE('',*,*,#1171,.F.);
#1606=ORIENTED_EDGE('',*,*,#1170,.T.);
#1607=ORIENTED_EDGE('',*,*,#1036,.F.);
#1608=ORIENTED_EDGE('',*,*,#1172,.F.);
#1609=ORIENTED_EDGE('',*,*,#1173,.F.);
#1610=ORIENTED_EDGE('',*,*,#1172,.T.);
#1611=ORIENTED_EDGE('',*,*,#1035,.F.);
#1612=ORIENTED_EDGE('',*,*,#1174,.F.);
#1613=ORIENTED_EDGE('',*,*,#1175,.F.);
#1614=ORIENTED_EDGE('',*,*,#1174,.T.);
#1615=ORIENTED_EDGE('',*,*,#1034,.F.);
#1616=ORIENTED_EDGE('',*,*,#1176,.F.);
#1617=ORIENTED_EDGE('',*,*,#1177,.F.);
#1618=ORIENTED_EDGE('',*,*,#1176,.T.);
#1619=ORIENTED_EDGE('',*,*,#1033,.F.);
#1620=ORIENTED_EDGE('',*,*,#1178,.F.);
#1621=ORIENTED_EDGE('',*,*,#1179,.F.);
#1622=ORIENTED_EDGE('',*,*,#1178,.T.);
#1623=ORIENTED_EDGE('',*,*,#1032,.F.);
#1624=ORIENTED_EDGE('',*,*,#1165,.F.);
#1625=ORIENTED_EDGE('',*,*,#1100,.F.);
#1626=ORIENTED_EDGE('',*,*,#1094,.F.);
#1627=ORIENTED_EDGE('',*,*,#1180,.F.);
#1628=ORIENTED_EDGE('',*,*,#1181,.T.);
#1629=ORIENTED_EDGE('',*,*,#1102,.F.);
#1630=ORIENTED_EDGE('',*,*,#1182,.F.);
#1631=ORIENTED_EDGE('',*,*,#1183,.F.);
#1632=ORIENTED_EDGE('',*,*,#1078,.T.);
#1633=ORIENTED_EDGE('',*,*,#1183,.T.);
#1634=ORIENTED_EDGE('',*,*,#1184,.T.);
#1635=ORIENTED_EDGE('',*,*,#1082,.T.);
#1636=ORIENTED_EDGE('',*,*,#1079,.T.);
#1637=ORIENTED_EDGE('',*,*,#1180,.T.);
#1638=ORIENTED_EDGE('',*,*,#1093,.T.);
#1639=ORIENTED_EDGE('',*,*,#1113,.F.);
#1640=ORIENTED_EDGE('',*,*,#1185,.T.);
#1641=ORIENTED_EDGE('',*,*,#1186,.T.);
#1642=ORIENTED_EDGE('',*,*,#1111,.T.);
#1643=ORIENTED_EDGE('',*,*,#1026,.T.);
#1644=ORIENTED_EDGE('',*,*,#1084,.F.);
#1645=ORIENTED_EDGE('',*,*,#1186,.F.);
#1646=ORIENTED_EDGE('',*,*,#1083,.F.);
#1647=ORIENTED_EDGE('',*,*,#1184,.F.);
#1648=ORIENTED_EDGE('',*,*,#1182,.T.);
#1649=ORIENTED_EDGE('',*,*,#1101,.F.);
#1650=ORIENTED_EDGE('',*,*,#1181,.F.);
#1651=ORIENTED_EDGE('',*,*,#1185,.F.);
#1652=ORIENTED_EDGE('',*,*,#1112,.F.);
#1653=ORIENTED_EDGE('',*,*,#975,.T.);
#1654=ORIENTED_EDGE('',*,*,#979,.T.);
#1655=ORIENTED_EDGE('',*,*,#982,.T.);
#1656=ORIENTED_EDGE('',*,*,#985,.T.);
#1657=ORIENTED_EDGE('',*,*,#988,.T.);
#1658=ORIENTED_EDGE('',*,*,#991,.T.);
#1659=ORIENTED_EDGE('',*,*,#993,.T.);
#1660=ORIENTED_EDGE('',*,*,#997,.T.);
#1661=ORIENTED_EDGE('',*,*,#1000,.T.);
#1662=ORIENTED_EDGE('',*,*,#1003,.T.);
#1663=ORIENTED_EDGE('',*,*,#1006,.T.);
#1664=ORIENTED_EDGE('',*,*,#1009,.T.);
#1665=ORIENTED_EDGE('',*,*,#1148,.T.);
#1666=ORIENTED_EDGE('',*,*,#1151,.T.);
#1667=ORIENTED_EDGE('',*,*,#1153,.T.);
#1668=ORIENTED_EDGE('',*,*,#1155,.T.);
#1669=ORIENTED_EDGE('',*,*,#1157,.T.);
#1670=ORIENTED_EDGE('',*,*,#1159,.T.);
#1671=ORIENTED_EDGE('',*,*,#1161,.T.);
#1672=ORIENTED_EDGE('',*,*,#1163,.T.);
#1673=ORIENTED_EDGE('',*,*,#1164,.T.);
#1674=ORIENTED_EDGE('',*,*,#1167,.T.);
#1675=ORIENTED_EDGE('',*,*,#1169,.T.);
#1676=ORIENTED_EDGE('',*,*,#1171,.T.);
#1677=ORIENTED_EDGE('',*,*,#1173,.T.);
#1678=ORIENTED_EDGE('',*,*,#1175,.T.);
#1679=ORIENTED_EDGE('',*,*,#1177,.T.);
#1680=ORIENTED_EDGE('',*,*,#1179,.T.);
#1681=B_SPLINE_SURFACE_WITH_KNOTS('',3,3,((#2369,#2370,#2371,#2372,#2373),
(#2374,#2375,#2376,#2377,#2378),(#2379,#2380,#2381,#2382,#2383),(#2384,
#2385,#2386,#2387,#2388),(#2389,#2390,#2391,#2392,#2393)),.UNSPECIFIED.,
 .F.,.F.,.F.,(4,1,4),(4,1,4),(0.,0.571428571428571,1.),(0.436332312998634,
0.922531176054175,1.5707963267949),.UNSPECIFIED.);
#1682=B_SPLINE_SURFACE_WITH_KNOTS('',3,3,((#2402,#2403,#2404,#2405),(#2406,
#2407,#2408,#2409),(#2410,#2411,#2412,#2413),(#2414,#2415,#2416,#2417)),
 .UNSPECIFIED.,.F.,.F.,.F.,(4,4),(4,4),(0.,1.),(-1.5707963267949,-1.13446401379629),
 .UNSPECIFIED.);
#1683=B_SPLINE_SURFACE_WITH_KNOTS('',3,3,((#2421,#2422,#2423,#2424,#2425),
(#2426,#2427,#2428,#2429,#2430),(#2431,#2432,#2433,#2434,#2435),(#2436,
#2437,#2438,#2439,#2440),(#2441,#2442,#2443,#2444,#2445)),.UNSPECIFIED.,
 .F.,.F.,.F.,(4,1,4),(4,1,4),(0.,0.571428571428571,1.),(0.436332312998654,
0.922531176054184,1.57079632679489),.UNSPECIFIED.);
#1684=B_SPLINE_SURFACE_WITH_KNOTS('',3,3,((#2454,#2455,#2456,#2457),(#2458,
#2459,#2460,#2461),(#2462,#2463,#2464,#2465),(#2466,#2467,#2468,#2469)),
 .UNSPECIFIED.,.F.,.F.,.F.,(4,4),(4,4),(0.,1.),(-1.5707963267949,-1.13446401379628),
 .UNSPECIFIED.);
#1685=ADVANCED_FACE('',(#553),#1681,.F.);
#1686=ADVANCED_FACE('',(#554),#1682,.F.);
#1687=ADVANCED_FACE('',(#555),#1683,.F.);
#1688=ADVANCED_FACE('',(#556),#1684,.F.);
#1689=ADVANCED_FACE('',(#557),#540,.T.);
#1690=ADVANCED_FACE('',(#558),#541,.T.);
#1691=ADVANCED_FACE('',(#559),#542,.T.);
#1692=ADVANCED_FACE('',(#560),#543,.T.);
#1693=ADVANCED_FACE('',(#561),#25,.T.);
#1694=ADVANCED_FACE('',(#562),#26,.T.);
#1695=ADVANCED_FACE('',(#563),#27,.F.);
#1696=ADVANCED_FACE('',(#564),#28,.T.);
#1697=ADVANCED_FACE('',(#565),#29,.T.);
#1698=ADVANCED_FACE('',(#566),#30,.T.);
#1699=ADVANCED_FACE('',(#567),#31,.T.);
#1700=ADVANCED_FACE('',(#568),#32,.T.);
#1701=ADVANCED_FACE('',(#569),#33,.T.);
#1702=ADVANCED_FACE('',(#570),#34,.T.);
#1703=ADVANCED_FACE('',(#571),#35,.T.);
#1704=ADVANCED_FACE('',(#572),#36,.T.);
#1705=ADVANCED_FACE('',(#573),#37,.T.);
#1706=ADVANCED_FACE('',(#574),#38,.T.);
#1707=ADVANCED_FACE('',(#575),#39,.T.);
#1708=ADVANCED_FACE('',(#576),#40,.T.);
#1709=ADVANCED_FACE('',(#577),#41,.T.);
#1710=ADVANCED_FACE('',(#578),#42,.F.);
#1711=ADVANCED_FACE('',(#579),#43,.F.);
#1712=ADVANCED_FACE('',(#580,#15),#44,.F.);
#1713=ADVANCED_FACE('',(#581),#45,.T.);
#1714=ADVANCED_FACE('',(#582),#46,.T.);
#1715=ADVANCED_FACE('',(#583),#47,.F.);
#1716=ADVANCED_FACE('',(#584),#48,.F.);
#1717=ADVANCED_FACE('',(#585),#49,.F.);
#1718=ADVANCED_FACE('',(#586),#50,.F.);
#1719=ADVANCED_FACE('',(#587),#544,.T.);
#1720=ADVANCED_FACE('',(#588),#545,.T.);
#1721=ADVANCED_FACE('',(#589),#546,.T.);
#1722=ADVANCED_FACE('',(#590),#547,.T.);
#1723=ADVANCED_FACE('',(#591),#51,.T.);
#1724=ADVANCED_FACE('',(#592),#52,.F.);
#1725=ADVANCED_FACE('',(#593),#53,.F.);
#1726=ADVANCED_FACE('',(#594,#16),#54,.F.);
#1727=ADVANCED_FACE('',(#595),#55,.F.);
#1728=ADVANCED_FACE('',(#596),#56,.T.);
#1729=ADVANCED_FACE('',(#597),#57,.F.);
#1730=ADVANCED_FACE('',(#598),#548,.T.);
#1731=ADVANCED_FACE('',(#599),#58,.T.);
#1732=ADVANCED_FACE('',(#600),#59,.F.);
#1733=ADVANCED_FACE('',(#601),#60,.T.);
#1734=ADVANCED_FACE('',(#602),#61,.F.);
#1735=ADVANCED_FACE('',(#603),#62,.T.);
#1736=ADVANCED_FACE('',(#604),#63,.F.);
#1737=ADVANCED_FACE('',(#605),#64,.F.);
#1738=ADVANCED_FACE('',(#606),#549,.T.);
#1739=ADVANCED_FACE('',(#607),#65,.F.);
#1740=ADVANCED_FACE('',(#608),#66,.F.);
#1741=ADVANCED_FACE('',(#609),#67,.F.);
#1742=ADVANCED_FACE('',(#610),#68,.F.);
#1743=ADVANCED_FACE('',(#611),#69,.F.);
#1744=ADVANCED_FACE('',(#612),#70,.F.);
#1745=ADVANCED_FACE('',(#613),#550,.T.);
#1746=ADVANCED_FACE('',(#614,#17,#18),#71,.T.);
#1747=ADVANCED_FACE('',(#615),#551,.F.);
#1748=ADVANCED_FACE('',(#616,#19),#72,.F.);
#1749=ADVANCED_FACE('',(#617),#73,.T.);
#1750=ADVANCED_FACE('',(#618),#74,.T.);
#1751=ADVANCED_FACE('',(#619),#75,.T.);
#1752=ADVANCED_FACE('',(#620),#76,.T.);
#1753=ADVANCED_FACE('',(#621,#20),#77,.T.);
#1754=ADVANCED_FACE('',(#622),#78,.F.);
#1755=ADVANCED_FACE('',(#623),#79,.F.);
#1756=ADVANCED_FACE('',(#624),#552,.F.);
#1757=ADVANCED_FACE('',(#625),#80,.T.);
#1758=ADVANCED_FACE('',(#626),#81,.T.);
#1759=ADVANCED_FACE('',(#627),#82,.T.);
#1760=ADVANCED_FACE('',(#628),#83,.T.);
#1761=ADVANCED_FACE('',(#629),#84,.T.);
#1762=ADVANCED_FACE('',(#630),#85,.T.);
#1763=ADVANCED_FACE('',(#631),#86,.T.);
#1764=ADVANCED_FACE('',(#632),#87,.T.);
#1765=ADVANCED_FACE('',(#633),#88,.T.);
#1766=ADVANCED_FACE('',(#634),#89,.T.);
#1767=ADVANCED_FACE('',(#635),#90,.T.);
#1768=ADVANCED_FACE('',(#636),#91,.T.);
#1769=ADVANCED_FACE('',(#637),#92,.T.);
#1770=ADVANCED_FACE('',(#638),#93,.T.);
#1771=ADVANCED_FACE('',(#639),#94,.T.);
#1772=ADVANCED_FACE('',(#640),#95,.T.);
#1773=ADVANCED_FACE('',(#641),#96,.F.);
#1774=ADVANCED_FACE('',(#642),#97,.F.);
#1775=ADVANCED_FACE('',(#643),#98,.F.);
#1776=ADVANCED_FACE('',(#644),#99,.F.);
#1777=ADVANCED_FACE('',(#645),#100,.F.);
#1778=ADVANCED_FACE('',(#646,#21,#22,#23,#24),#101,.T.);
#1779=CLOSED_SHELL('',(#1685,#1686,#1687,#1688,#1689,#1690,#1691,#1692,
#1693,#1694,#1695,#1696,#1697,#1698,#1699,#1700,#1701,#1702,#1703,#1704,
#1705,#1706,#1707,#1708,#1709,#1710,#1711,#1712,#1713,#1714,#1715,#1716,
#1717,#1718,#1719,#1720,#1721,#1722,#1723,#1724,#1725,#1726,#1727,#1728,
#1729,#1730,#1731,#1732,#1733,#1734,#1735,#1736,#1737,#1738,#1739,#1740,
#1741,#1742,#1743,#1744,#1745,#1746,#1747,#1748,#1749,#1750,#1751,#1752,
#1753,#1754,#1755,#1756,#1757,#1758,#1759,#1760,#1761,#1762,#1763,#1764,
#1765,#1766,#1767,#1768,#1769,#1770,#1771,#1772,#1773,#1774,#1775,#1776,
#1777,#1778));
#1780=DERIVED_UNIT_ELEMENT(#1782,1.);
#1781=DERIVED_UNIT_ELEMENT(#2954,-3.);
#1782=(
MASS_UNIT()
NAMED_UNIT(*)
SI_UNIT(.KILO.,.GRAM.)
);
#1783=DERIVED_UNIT((#1780,#1781));
#1784=MEASURE_REPRESENTATION_ITEM('density measure',
POSITIVE_RATIO_MEASURE(7850.),#1783);
#1785=PROPERTY_DEFINITION_REPRESENTATION(#1790,#1787);
#1786=PROPERTY_DEFINITION_REPRESENTATION(#1791,#1788);
#1787=REPRESENTATION('material name',(#1789),#2951);
#1788=REPRESENTATION('density',(#1784),#2951);
#1789=DESCRIPTIVE_REPRESENTATION_ITEM('Steel','Steel');
#1790=PROPERTY_DEFINITION('material property','material name',#2961);
#1791=PROPERTY_DEFINITION('material property','density of part',#2961);
#1792=AXIS2_PLACEMENT_3D('',#2368,#1911,#1912);
#1793=AXIS2_PLACEMENT_3D('',#2396,#1913,#1914);
#1794=AXIS2_PLACEMENT_3D('',#2398,#1915,#1916);
#1795=AXIS2_PLACEMENT_3D('',#2400,#1917,#1918);
#1796=AXIS2_PLACEMENT_3D('',#2401,#1919,#1920);
#1797=AXIS2_PLACEMENT_3D('',#2419,#1921,#1922);
#1798=AXIS2_PLACEMENT_3D('',#2420,#1923,#1924);
#1799=AXIS2_PLACEMENT_3D('',#2448,#1925,#1926);
#1800=AXIS2_PLACEMENT_3D('',#2450,#1927,#1928);
#1801=AXIS2_PLACEMENT_3D('',#2452,#1929,#1930);
#1802=AXIS2_PLACEMENT_3D('',#2453,#1931,#1932);
#1803=AXIS2_PLACEMENT_3D('',#2471,#1933,#1934);
#1804=AXIS2_PLACEMENT_3D('',#2472,#1935,#1936);
#1805=AXIS2_PLACEMENT_3D('',#2473,#1937,#1938);
#1806=AXIS2_PLACEMENT_3D('',#2477,#1940,#1941);
#1807=AXIS2_PLACEMENT_3D('',#2479,#1943,#1944);
#1808=AXIS2_PLACEMENT_3D('',#2482,#1947,#1948);
#1809=AXIS2_PLACEMENT_3D('',#2486,#1950,#1951);
#1810=AXIS2_PLACEMENT_3D('',#2488,#1953,#1954);
#1811=AXIS2_PLACEMENT_3D('',#2492,#1956,#1957);
#1812=AXIS2_PLACEMENT_3D('',#2494,#1959,#1960);
#1813=AXIS2_PLACEMENT_3D('',#2508,#1968,#1969);
#1814=AXIS2_PLACEMENT_3D('',#2510,#1971,#1972);
#1815=AXIS2_PLACEMENT_3D('',#2514,#1974,#1975);
#1816=AXIS2_PLACEMENT_3D('',#2517,#1977,#1978);
#1817=AXIS2_PLACEMENT_3D('',#2518,#1979,#1980);
#1818=AXIS2_PLACEMENT_3D('',#2527,#1985,#1986);
#1819=AXIS2_PLACEMENT_3D('',#2533,#1990,#1991);
#1820=AXIS2_PLACEMENT_3D('',#2539,#1995,#1996);
#1821=AXIS2_PLACEMENT_3D('',#2545,#2000,#2001);
#1822=AXIS2_PLACEMENT_3D('',#2551,#2005,#2006);
#1823=AXIS2_PLACEMENT_3D('',#2554,#2009,#2010);
#1824=AXIS2_PLACEMENT_3D('',#2555,#2011,#2012);
#1825=AXIS2_PLACEMENT_3D('',#2564,#2017,#2018);
#1826=AXIS2_PLACEMENT_3D('',#2570,#2022,#2023);
#1827=AXIS2_PLACEMENT_3D('',#2576,#2027,#2028);
#1828=AXIS2_PLACEMENT_3D('',#2582,#2032,#2033);
#1829=AXIS2_PLACEMENT_3D('',#2588,#2037,#2038);
#1830=AXIS2_PLACEMENT_3D('',#2591,#2041,#2042);
#1831=AXIS2_PLACEMENT_3D('',#2592,#2043,#2044);
#1832=AXIS2_PLACEMENT_3D('',#2601,#2049,#2050);
#1833=AXIS2_PLACEMENT_3D('',#2607,#2054,#2055);
#1834=AXIS2_PLACEMENT_3D('',#2635,#2070,#2071);
#1835=AXIS2_PLACEMENT_3D('',#2652,#2080,#2081);
#1836=AXIS2_PLACEMENT_3D('',#2669,#2090,#2091);
#1837=AXIS2_PLACEMENT_3D('',#2678,#2096,#2097);
#1838=AXIS2_PLACEMENT_3D('',#2684,#2101,#2102);
#1839=AXIS2_PLACEMENT_3D('',#2690,#2106,#2107);
#1840=AXIS2_PLACEMENT_3D('',#2700,#2113,#2114);
#1841=AXIS2_PLACEMENT_3D('',#2704,#2116,#2117);
#1842=AXIS2_PLACEMENT_3D('',#2705,#2118,#2119);
#1843=AXIS2_PLACEMENT_3D('',#2706,#2120,#2121);
#1844=AXIS2_PLACEMENT_3D('',#2707,#2122,#2123);
#1845=AXIS2_PLACEMENT_3D('',#2708,#2124,#2125);
#1846=AXIS2_PLACEMENT_3D('',#2709,#2126,#2127);
#1847=AXIS2_PLACEMENT_3D('',#2711,#2129,#2130);
#1848=AXIS2_PLACEMENT_3D('',#2712,#2131,#2132);
#1849=AXIS2_PLACEMENT_3D('',#2714,#2134,#2135);
#1850=AXIS2_PLACEMENT_3D('',#2720,#2139,#2140);
#1851=AXIS2_PLACEMENT_3D('',#2729,#2145,#2146);
#1852=AXIS2_PLACEMENT_3D('',#2738,#2151,#2152);
#1853=AXIS2_PLACEMENT_3D('',#2739,#2153,#2154);
#1854=AXIS2_PLACEMENT_3D('',#2748,#2160,#2161);
#1855=AXIS2_PLACEMENT_3D('',#2759,#2168,#2169);
#1856=AXIS2_PLACEMENT_3D('',#2767,#2173,#2174);
#1857=AXIS2_PLACEMENT_3D('',#2769,#2176,#2177);
#1858=AXIS2_PLACEMENT_3D('',#2771,#2179,#2180);
#1859=AXIS2_PLACEMENT_3D('',#2778,#2185,#2186);
#1860=AXIS2_PLACEMENT_3D('',#2783,#2190,#2191);
#1861=AXIS2_PLACEMENT_3D('',#2785,#2193,#2194);
#1862=AXIS2_PLACEMENT_3D('',#2788,#2197,#2198);
#1863=AXIS2_PLACEMENT_3D('',#2789,#2199,#2200);
#1864=AXIS2_PLACEMENT_3D('',#2798,#2206,#2207);
#1865=AXIS2_PLACEMENT_3D('',#2800,#2208,#2209);
#1866=AXIS2_PLACEMENT_3D('',#2802,#2211,#2212);
#1867=AXIS2_PLACEMENT_3D('',#2803,#2213,#2214);
#1868=AXIS2_PLACEMENT_3D('',#2807,#2217,#2218);
#1869=AXIS2_PLACEMENT_3D('',#2813,#2222,#2223);
#1870=AXIS2_PLACEMENT_3D('',#2817,#2226,#2227);
#1871=AXIS2_PLACEMENT_3D('',#2821,#2230,#2231);
#1872=AXIS2_PLACEMENT_3D('',#2827,#2235,#2236);
#1873=AXIS2_PLACEMENT_3D('',#2833,#2240,#2241);
#1874=AXIS2_PLACEMENT_3D('',#2835,#2243,#2244);
#1875=AXIS2_PLACEMENT_3D('',#2839,#2247,#2248);
#1876=AXIS2_PLACEMENT_3D('',#2840,#2249,#2250);
#1877=AXIS2_PLACEMENT_3D('',#2842,#2251,#2252);
#1878=AXIS2_PLACEMENT_3D('',#2845,#2254,#2255);
#1879=AXIS2_PLACEMENT_3D('',#2846,#2256,#2257);
#1880=AXIS2_PLACEMENT_3D('',#2848,#2258,#2259);
#1881=AXIS2_PLACEMENT_3D('',#2849,#2260,#2261);
#1882=AXIS2_PLACEMENT_3D('',#2855,#2265,#2266);
#1883=AXIS2_PLACEMENT_3D('',#2859,#2269,#2270);
#1884=AXIS2_PLACEMENT_3D('',#2863,#2273,#2274);
#1885=AXIS2_PLACEMENT_3D('',#2865,#2276,#2277);
#1886=AXIS2_PLACEMENT_3D('',#2866,#2278,#2279);
#1887=AXIS2_PLACEMENT_3D('',#2867,#2280,#2281);
#1888=AXIS2_PLACEMENT_3D('',#2868,#2282,#2283);
#1889=AXIS2_PLACEMENT_3D('',#2870,#2285,#2286);
#1890=AXIS2_PLACEMENT_3D('',#2876,#2290,#2291);
#1891=AXIS2_PLACEMENT_3D('',#2880,#2294,#2295);
#1892=AXIS2_PLACEMENT_3D('',#2884,#2298,#2299);
#1893=AXIS2_PLACEMENT_3D('',#2888,#2302,#2303);
#1894=AXIS2_PLACEMENT_3D('',#2892,#2306,#2307);
#1895=AXIS2_PLACEMENT_3D('',#2896,#2310,#2311);
#1896=AXIS2_PLACEMENT_3D('',#2900,#2314,#2315);
#1897=AXIS2_PLACEMENT_3D('',#2902,#2317,#2318);
#1898=AXIS2_PLACEMENT_3D('',#2908,#2322,#2323);
#1899=AXIS2_PLACEMENT_3D('',#2912,#2326,#2327);
#1900=AXIS2_PLACEMENT_3D('',#2916,#2330,#2331);
#1901=AXIS2_PLACEMENT_3D('',#2920,#2334,#2335);
#1902=AXIS2_PLACEMENT_3D('',#2924,#2338,#2339);
#1903=AXIS2_PLACEMENT_3D('',#2928,#2342,#2343);
#1904=AXIS2_PLACEMENT_3D('',#2932,#2346,#2347);
#1905=AXIS2_PLACEMENT_3D('',#2934,#2349,#2350);
#1906=AXIS2_PLACEMENT_3D('',#2938,#2353,#2354);
#1907=AXIS2_PLACEMENT_3D('',#2942,#2357,#2358);
#1908=AXIS2_PLACEMENT_3D('',#2944,#2360,#2361);
#1909=AXIS2_PLACEMENT_3D('',#2946,#2363,#2364);
#1910=AXIS2_PLACEMENT_3D('',#2948,#2366,#2367);
#1911=DIRECTION('axis',(0.,0.,1.));
#1912=DIRECTION('refdir',(1.,0.,0.));
#1913=DIRECTION('center_axis',(0.,-0.4226182617407,-0.90630778703665));
#1914=DIRECTION('ref_axis',(1.,0.,0.));
#1915=DIRECTION('center_axis',(0.,0.90630778703665,-0.422618261740699));
#1916=DIRECTION('ref_axis',(2.93250328007241E-17,-0.422618261740699,-0.90630778703665));
#1917=DIRECTION('center_axis',(-0.671542934237813,-0.313145613014994,-0.671542934237813));
#1918=DIRECTION('ref_axis',(0.422618261740725,-0.906307787036638,0.));
#1919=DIRECTION('center_axis',(0.,-0.394175469426499,0.91903520025209));
#1920=DIRECTION('ref_axis',(0.,-0.91903520025209,-0.394175469426499));
#1921=DIRECTION('center_axis',(0.98058067569092,0.,-0.196116135138187));
#1922=DIRECTION('ref_axis',(0.196116135138187,0.,0.98058067569092));
#1923=DIRECTION('center_axis',(-0.196116135138184,0.,0.98058067569092));
#1924=DIRECTION('ref_axis',(0.98058067569092,0.,0.196116135138184));
#1925=DIRECTION('center_axis',(2.81520314886953E-15,-0.4226182617407,-0.90630778703665));
#1926=DIRECTION('ref_axis',(8.88178419700126E-15,-0.90630778703665,0.4226182617407));
#1927=DIRECTION('center_axis',(0.,-0.394175469426499,0.91903520025209));
#1928=DIRECTION('ref_axis',(0.,-0.91903520025209,-0.394175469426499));
#1929=DIRECTION('center_axis',(0.671542934237808,-0.313145613015004,-0.671542934237814));
#1930=DIRECTION('ref_axis',(0.,-0.906307787036633,0.422618261740735));
#1931=DIRECTION('center_axis',(0.,0.90630778703665,-0.422618261740699));
#1932=DIRECTION('ref_axis',(-2.93250328007241E-17,-0.422618261740699,-0.90630778703665));
#1933=DIRECTION('center_axis',(0.196116135138181,0.,0.980580675690921));
#1934=DIRECTION('ref_axis',(-0.980580675690921,0.,0.196116135138181));
#1935=DIRECTION('center_axis',(-0.98058067569092,0.,-0.196116135138187));
#1936=DIRECTION('ref_axis',(-0.196116135138187,0.,0.98058067569092));
#1937=DIRECTION('center_axis',(0.,0.,1.));
#1938=DIRECTION('ref_axis',(-0.707106781186547,-0.707106781186547,0.));
#1939=DIRECTION('',(0.,0.,-1.));
#1940=DIRECTION('center_axis',(0.,0.,1.));
#1941=DIRECTION('ref_axis',(-0.707106781186547,-0.707106781186547,0.));
#1942=DIRECTION('',(0.,0.,1.));
#1943=DIRECTION('center_axis',(1.,0.,0.));
#1944=DIRECTION('ref_axis',(0.,-0.976296007119933,0.216439613938103));
#1945=DIRECTION('',(-1.,0.,0.));
#1946=DIRECTION('',(1.,0.,0.));
#1947=DIRECTION('center_axis',(0.,0.,1.));
#1948=DIRECTION('ref_axis',(0.707106781186547,-0.707106781186547,0.));
#1949=DIRECTION('',(0.,0.,-1.));
#1950=DIRECTION('center_axis',(0.,0.,1.));
#1951=DIRECTION('ref_axis',(0.707106781186547,-0.707106781186547,0.));
#1952=DIRECTION('',(0.,0.,1.));
#1953=DIRECTION('center_axis',(1.3405729280331E-16,0.422618261740699,0.90630778703665));
#1954=DIRECTION('ref_axis',(0.707106781186547,-0.640856382055789,0.29883623873012));
#1955=DIRECTION('',(1.3405729280331E-16,0.422618261740699,0.90630778703665));
#1956=DIRECTION('center_axis',(0.,0.,-1.));
#1957=DIRECTION('ref_axis',(-1.25775471570645E-16,-1.,0.));
#1958=DIRECTION('',(-1.3405729280331E-16,-0.422618261740699,-0.90630778703665));
#1959=DIRECTION('center_axis',(1.,-3.1720657846433E-16,0.));
#1960=DIRECTION('ref_axis',(3.1720657846433E-16,1.,0.));
#1961=DIRECTION('',(-3.1720657846433E-16,-1.,0.));
#1962=DIRECTION('',(0.,0.,-1.));
#1963=DIRECTION('',(-3.1720657846433E-16,-1.,-1.15453745285028E-31));
#1964=DIRECTION('',(0.,0.,1.));
#1965=DIRECTION('',(-3.1720657846433E-16,-1.,0.));
#1966=DIRECTION('',(0.,0.,1.));
#1967=DIRECTION('',(-3.1720657846433E-16,-1.,0.));
#1968=DIRECTION('center_axis',(0.,-1.,0.));
#1969=DIRECTION('ref_axis',(1.,0.,0.));
#1970=DIRECTION('',(-1.,0.,0.));
#1971=DIRECTION('center_axis',(0.,0.,1.));
#1972=DIRECTION('ref_axis',(1.,0.,0.));
#1973=DIRECTION('',(0.,1.,0.));
#1974=DIRECTION('center_axis',(0.,0.,1.));
#1975=DIRECTION('ref_axis',(-0.707106781186544,0.707106781186551,0.));
#1976=DIRECTION('',(1.,0.,0.));
#1977=DIRECTION('center_axis',(0.,0.,1.));
#1978=DIRECTION('ref_axis',(0.707106781186551,0.707106781186544,0.));
#1979=DIRECTION('center_axis',(-1.,0.,0.));
#1980=DIRECTION('ref_axis',(0.,-1.,0.));
#1981=DIRECTION('',(0.,1.,0.));
#1982=DIRECTION('',(0.,0.,1.));
#1983=DIRECTION('',(0.,-1.,0.));
#1984=DIRECTION('',(0.,0.,1.));
#1985=DIRECTION('center_axis',(0.,1.,0.));
#1986=DIRECTION('ref_axis',(-1.,0.,0.));
#1987=DIRECTION('',(1.,0.,0.));
#1988=DIRECTION('',(-1.,0.,0.));
#1989=DIRECTION('',(0.,0.,1.));
#1990=DIRECTION('center_axis',(1.,0.,0.));
#1991=DIRECTION('ref_axis',(0.,1.,0.));
#1992=DIRECTION('',(0.,-1.,0.));
#1993=DIRECTION('',(0.,1.,0.));
#1994=DIRECTION('',(0.,0.,1.));
#1995=DIRECTION('center_axis',(0.,1.,0.));
#1996=DIRECTION('ref_axis',(-1.,0.,0.));
#1997=DIRECTION('',(1.,0.,0.));
#1998=DIRECTION('',(-1.,0.,0.));
#1999=DIRECTION('',(0.,0.,1.));
#2000=DIRECTION('center_axis',(1.,0.,0.));
#2001=DIRECTION('ref_axis',(0.,1.,0.));
#2002=DIRECTION('',(0.,-1.,0.));
#2003=DIRECTION('',(0.,1.,0.));
#2004=DIRECTION('',(0.,0.,1.));
#2005=DIRECTION('center_axis',(0.,-1.,0.));
#2006=DIRECTION('ref_axis',(1.,0.,0.));
#2007=DIRECTION('',(-1.,0.,0.));
#2008=DIRECTION('',(1.,0.,0.));
#2009=DIRECTION('center_axis',(0.,0.,1.));
#2010=DIRECTION('ref_axis',(1.,0.,0.));
#2011=DIRECTION('center_axis',(-1.,-4.35207425653061E-13,0.));
#2012=DIRECTION('ref_axis',(4.35207425653061E-13,-1.,0.));
#2013=DIRECTION('',(-4.35207425653061E-13,1.,0.));
#2014=DIRECTION('',(0.,0.,1.));
#2015=DIRECTION('',(4.35207425653061E-13,-1.,0.));
#2016=DIRECTION('',(0.,0.,1.));
#2017=DIRECTION('center_axis',(0.,1.,0.));
#2018=DIRECTION('ref_axis',(-1.,0.,0.));
#2019=DIRECTION('',(1.,0.,0.));
#2020=DIRECTION('',(-1.,0.,0.));
#2021=DIRECTION('',(0.,0.,1.));
#2022=DIRECTION('center_axis',(1.,6.07847105982273E-13,0.));
#2023=DIRECTION('ref_axis',(-6.07847105982273E-13,1.,0.));
#2024=DIRECTION('',(6.07847105982273E-13,-1.,0.));
#2025=DIRECTION('',(-6.07847105982273E-13,1.,0.));
#2026=DIRECTION('',(0.,0.,1.));
#2027=DIRECTION('center_axis',(0.,-1.,0.));
#2028=DIRECTION('ref_axis',(1.,0.,0.));
#2029=DIRECTION('',(-1.,0.,0.));
#2030=DIRECTION('',(1.,0.,0.));
#2031=DIRECTION('',(0.,0.,1.));
#2032=DIRECTION('center_axis',(-1.,0.,0.));
#2033=DIRECTION('ref_axis',(0.,-1.,0.));
#2034=DIRECTION('',(0.,1.,0.));
#2035=DIRECTION('',(0.,-1.,0.));
#2036=DIRECTION('',(0.,0.,1.));
#2037=DIRECTION('center_axis',(0.,1.,0.));
#2038=DIRECTION('ref_axis',(-1.,0.,0.));
#2039=DIRECTION('',(1.,0.,0.));
#2040=DIRECTION('',(-1.,0.,0.));
#2041=DIRECTION('center_axis',(0.,0.,1.));
#2042=DIRECTION('ref_axis',(1.,0.,0.));
#2043=DIRECTION('center_axis',(1.,2.85980312516233E-30,-1.3335480980788E-30));
#2044=DIRECTION('ref_axis',(3.15544362088405E-30,-0.90630778703665,0.422618261740699));
#2045=DIRECTION('',(0.,0.90630778703665,-0.422618261740699));
#2046=DIRECTION('',(7.8823038618271E-45,0.422618261740699,0.90630778703665));
#2047=DIRECTION('',(3.15544362088405E-30,-0.90630778703665,0.422618261740699));
#2048=DIRECTION('',(0.,-0.422618261740702,-0.906307787036649));
#2049=DIRECTION('center_axis',(0.,-0.422618261740702,-0.906307787036649));
#2050=DIRECTION('ref_axis',(-1.,0.,0.));
#2051=DIRECTION('',(1.,0.,0.));
#2052=DIRECTION('',(0.,0.90630778703665,-0.422618261740699));
#2053=DIRECTION('',(-1.,0.,0.));
#2054=DIRECTION('center_axis',(0.,-0.90630778703665,0.422618261740699));
#2055=DIRECTION('ref_axis',(1.,0.,0.));
#2056=DIRECTION('',(1.,3.79607102718242E-14,8.14070058853852E-14));
#2057=DIRECTION('',(-7.14082279045281E-15,0.422618261740699,0.90630778703665));
#2058=DIRECTION('',(1.,0.,0.));
#2059=DIRECTION('',(0.,0.422618261740699,0.90630778703665));
#2060=DIRECTION('',(-1.,5.20917225812029E-33,1.11711059576654E-32));
#2061=DIRECTION('',(0.,-0.422618261740699,-0.90630778703665));
#2062=DIRECTION('',(-1.,0.,0.));
#2063=DIRECTION('',(-1.3405729280331E-16,-0.422618261740699,-0.90630778703665));
#2064=DIRECTION('',(1.,0.,0.));
#2065=DIRECTION('',(0.,-0.422618261740699,-0.90630778703665));
#2066=DIRECTION('',(0.,0.422618261740699,0.90630778703665));
#2067=DIRECTION('',(-1.,-2.34600262405793E-16,-5.03101886282581E-16));
#2068=DIRECTION('',(5.55111512312579E-17,-0.422618261740699,-0.90630778703665));
#2069=DIRECTION('',(1.,0.,0.));
#2070=DIRECTION('center_axis',(0.,0.,1.));
#2071=DIRECTION('ref_axis',(1.,0.,0.));
#2072=DIRECTION('',(-1.,0.,0.));
#2073=DIRECTION('',(3.92304955697935E-17,-1.,0.));
#2074=DIRECTION('',(-1.,-6.34413156928661E-17,0.));
#2075=DIRECTION('',(0.,1.,0.));
#2076=DIRECTION('',(-1.,0.,0.));
#2077=DIRECTION('',(0.,-1.,0.));
#2078=DIRECTION('',(1.,5.69345140833414E-17,0.));
#2079=DIRECTION('',(0.,1.,0.));
#2080=DIRECTION('center_axis',(0.,0.,1.));
#2081=DIRECTION('ref_axis',(1.,0.,0.));
#2082=DIRECTION('',(0.,-1.,0.));
#2083=DIRECTION('',(1.,0.,0.));
#2084=DIRECTION('',(0.,1.,0.));
#2085=DIRECTION('',(1.,0.,0.));
#2086=DIRECTION('',(3.92304955697935E-17,-1.,0.));
#2087=DIRECTION('',(1.,0.,0.));
#2088=DIRECTION('',(0.,1.,0.));
#2089=DIRECTION('',(-1.,0.,0.));
#2090=DIRECTION('center_axis',(-1.,0.,0.));
#2091=DIRECTION('ref_axis',(0.,0.,1.));
#2092=DIRECTION('',(0.,0.,-1.));
#2093=DIRECTION('',(0.,1.,0.));
#2094=DIRECTION('',(0.,0.,1.));
#2095=DIRECTION('',(0.,-1.,0.));
#2096=DIRECTION('center_axis',(0.,-1.,0.));
#2097=DIRECTION('ref_axis',(0.,0.,-1.));
#2098=DIRECTION('',(1.,0.,-3.69603144184473E-16));
#2099=DIRECTION('',(0.,0.,1.));
#2100=DIRECTION('',(-1.,0.,0.));
#2101=DIRECTION('center_axis',(1.,0.,0.));
#2102=DIRECTION('ref_axis',(0.,0.,-1.));
#2103=DIRECTION('',(0.,1.,0.));
#2104=DIRECTION('',(0.,0.,-1.));
#2105=DIRECTION('',(0.,-1.,0.));
#2106=DIRECTION('center_axis',(0.,0.,1.));
#2107=DIRECTION('ref_axis',(-1.,0.,0.));
#2108=DIRECTION('',(-1.,0.,0.));
#2109=DIRECTION('',(0.,1.,0.));
#2110=DIRECTION('',(1.,0.,0.));
#2111=DIRECTION('',(1.,0.,0.));
#2112=DIRECTION('',(0.,-1.,0.));
#2113=DIRECTION('center_axis',(-1.,0.,0.));
#2114=DIRECTION('ref_axis',(0.,0.707106781186541,0.707106781186554));
#2115=DIRECTION('',(1.,0.,0.));
#2116=DIRECTION('center_axis',(-0.707106781186548,0.707106781186548,0.));
#2117=DIRECTION('ref_axis',(0.707106781186548,0.707106781186548,0.));
#2118=DIRECTION('center_axis',(-0.707106781186548,-0.707106781186548,1.25607396694702E-14));
#2119=DIRECTION('ref_axis',(-0.707106781186548,0.707106781186548,1.25607396694702E-14));
#2120=DIRECTION('center_axis',(0.,1.,0.));
#2121=DIRECTION('ref_axis',(0.707106781186541,0.,0.707106781186554));
#2122=DIRECTION('center_axis',(0.707106781186548,0.707106781186548,1.25607396694702E-14));
#2123=DIRECTION('ref_axis',(0.707106781186548,-0.707106781186548,1.25607396694702E-14));
#2124=DIRECTION('center_axis',(1.,0.,0.));
#2125=DIRECTION('ref_axis',(0.,-0.707106781186541,0.707106781186554));
#2126=DIRECTION('center_axis',(0.707106781186548,-0.707106781186548,0.));
#2127=DIRECTION('ref_axis',(-0.707106781186548,-0.707106781186548,0.));
#2128=DIRECTION('',(1.,0.,0.));
#2129=DIRECTION('center_axis',(0.,-1.,0.));
#2130=DIRECTION('ref_axis',(-0.707106781186541,0.,0.707106781186554));
#2131=DIRECTION('center_axis',(0.,-1.,0.));
#2132=DIRECTION('ref_axis',(1.,0.,0.));
#2133=DIRECTION('',(-1.,0.,3.69603144184473E-16));
#2134=DIRECTION('center_axis',(0.,-1.,0.));
#2135=DIRECTION('ref_axis',(0.,0.,-1.));
#2136=DIRECTION('',(0.,0.,-1.));
#2137=DIRECTION('',(-1.,0.,0.));
#2138=DIRECTION('',(1.,0.,3.63970210970926E-16));
#2139=DIRECTION('center_axis',(0.,-1.,0.));
#2140=DIRECTION('ref_axis',(0.,0.,-1.));
#2141=DIRECTION('',(0.,0.,-1.));
#2142=DIRECTION('',(-1.,0.,0.));
#2143=DIRECTION('',(0.,0.,1.));
#2144=DIRECTION('',(1.,0.,1.57949336836439E-16));
#2145=DIRECTION('center_axis',(-3.69603144184473E-16,0.,-1.));
#2146=DIRECTION('ref_axis',(-1.,0.,3.69603144184473E-16));
#2147=DIRECTION('',(1.,0.,-3.69603144184473E-16));
#2148=DIRECTION('',(0.,1.,0.));
#2149=DIRECTION('',(-1.,0.,3.69603144184473E-16));
#2150=DIRECTION('',(3.1720657846433E-16,1.,1.15453745285028E-31));
#2151=DIRECTION('center_axis',(3.63970210970926E-16,0.,-1.));
#2152=DIRECTION('ref_axis',(0.707106781186551,0.707106781186544,0.));
#2153=DIRECTION('center_axis',(1.,-3.1720657846433E-16,0.));
#2154=DIRECTION('ref_axis',(3.1720657846433E-16,1.,0.));
#2155=DIRECTION('',(0.,0.,1.));
#2156=DIRECTION('',(-3.1720657846433E-16,-1.,0.));
#2157=DIRECTION('',(0.,0.,-1.));
#2158=DIRECTION('',(0.,0.,-1.));
#2159=DIRECTION('',(3.1720657846433E-16,1.,0.));
#2160=DIRECTION('center_axis',(-1.,0.,0.));
#2161=DIRECTION('ref_axis',(0.,-1.,0.));
#2162=DIRECTION('',(0.,-0.422618261740699,-0.90630778703665));
#2163=DIRECTION('',(0.,1.,0.));
#2164=DIRECTION('',(0.,0.,-1.));
#2165=DIRECTION('',(0.,1.,0.));
#2166=DIRECTION('',(0.,1.,0.));
#2167=DIRECTION('',(0.,0.,1.));
#2168=DIRECTION('center_axis',(-1.25491253970047E-16,0.,-1.));
#2169=DIRECTION('ref_axis',(-1.,0.,1.25491253970047E-16));
#2170=DIRECTION('',(-1.,0.,1.25491253970047E-16));
#2171=DIRECTION('',(0.,1.,0.));
#2172=DIRECTION('',(1.,0.,-1.25491253970047E-16));
#2173=DIRECTION('center_axis',(1.57949336836439E-16,0.,-1.));
#2174=DIRECTION('ref_axis',(-0.707106781186544,0.707106781186551,0.));
#2175=DIRECTION('',(0.,-1.,0.));
#2176=DIRECTION('center_axis',(0.,0.,1.));
#2177=DIRECTION('ref_axis',(-0.707106781186544,0.707106781186551,0.));
#2178=DIRECTION('',(0.,0.,-1.));
#2179=DIRECTION('center_axis',(0.,1.,0.));
#2180=DIRECTION('ref_axis',(-1.,0.,0.));
#2181=DIRECTION('',(0.,0.,1.));
#2182=DIRECTION('',(0.,0.,-1.));
#2183=DIRECTION('',(1.,0.,3.70074341541719E-17));
#2184=DIRECTION('',(0.,0.,1.));
#2185=DIRECTION('center_axis',(2.77555756156289E-16,-1.,0.));
#2186=DIRECTION('ref_axis',(-1.,-2.77555756156289E-16,0.));
#2187=DIRECTION('',(-1.,-2.77555756156289E-16,0.));
#2188=DIRECTION('',(0.,0.,1.));
#2189=DIRECTION('',(-1.,-2.77555756156289E-16,0.));
#2190=DIRECTION('center_axis',(0.,0.,1.));
#2191=DIRECTION('ref_axis',(-1.,0.,0.));
#2192=DIRECTION('',(0.,-1.,0.));
#2193=DIRECTION('center_axis',(2.77555756156289E-16,-1.,0.));
#2194=DIRECTION('ref_axis',(-1.,-2.77555756156289E-16,0.));
#2195=DIRECTION('',(-1.,-2.77555756156289E-16,0.));
#2196=DIRECTION('',(-1.,-2.77555756156289E-16,0.));
#2197=DIRECTION('center_axis',(0.,0.,1.));
#2198=DIRECTION('ref_axis',(-1.,0.,0.));
#2199=DIRECTION('center_axis',(-1.,0.,0.));
#2200=DIRECTION('ref_axis',(0.,-1.,0.));
#2201=DIRECTION('',(0.,-0.90630778703665,0.422618261740699));
#2202=DIRECTION('',(0.,-0.422618261740702,-0.906307787036649));
#2203=DIRECTION('',(0.,0.,1.));
#2204=DIRECTION('',(0.,1.,0.));
#2205=DIRECTION('',(0.,0.,-1.));
#2206=DIRECTION('center_axis',(0.,0.,-1.));
#2207=DIRECTION('ref_axis',(-2.56205313375036E-16,-1.,0.));
#2208=DIRECTION('center_axis',(0.,0.,-1.));
#2209=DIRECTION('ref_axis',(1.88663207355968E-16,-1.,0.));
#2210=DIRECTION('',(-1.,0.,0.));
#2211=DIRECTION('center_axis',(0.,0.,1.));
#2212=DIRECTION('ref_axis',(0.707106781186551,0.707106781186544,0.));
#2213=DIRECTION('center_axis',(0.,-0.90630778703665,0.422618261740699));
#2214=DIRECTION('ref_axis',(0.,-0.422618261740699,-0.90630778703665));
#2215=DIRECTION('',(-1.77800313860266E-14,0.422618261740702,0.906307787036649));
#2216=DIRECTION('',(-1.,-1.90226632491759E-17,8.87041355159439E-18));
#2217=DIRECTION('center_axis',(1.,0.,0.));
#2218=DIRECTION('ref_axis',(0.,0.422618261740699,0.90630778703665));
#2219=DIRECTION('',(0.,-0.90630778703665,0.422618261740699));
#2220=DIRECTION('',(0.,0.422618261740699,0.90630778703665));
#2221=DIRECTION('',(0.,-0.90630778703665,0.422618261740699));
#2222=DIRECTION('center_axis',(0.,-0.422618261740699,-0.90630778703665));
#2223=DIRECTION('ref_axis',(1.,0.,0.));
#2224=DIRECTION('',(-4.73316543132607E-30,0.90630778703665,-0.422618261740699));
#2225=DIRECTION('',(1.,0.,0.));
#2226=DIRECTION('center_axis',(0.,-0.90630778703665,0.422618261740699));
#2227=DIRECTION('ref_axis',(0.,-0.422618261740699,-0.90630778703665));
#2228=DIRECTION('',(7.14082279045281E-15,-0.422618261740699,-0.90630778703665));
#2229=DIRECTION('',(-1.,-1.90226632491759E-17,8.87041355159439E-18));
#2230=DIRECTION('center_axis',(-1.,-7.51416595805764E-15,-1.6114180898912E-14));
#2231=DIRECTION('ref_axis',(-1.77800313860266E-14,0.422618261740699,0.90630778703665));
#2232=DIRECTION('',(0.,0.90630778703665,-0.422618261740699));
#2233=DIRECTION('',(-1.77800313860266E-14,0.422618261740699,0.90630778703665));
#2234=DIRECTION('',(0.,0.90630778703665,-0.422618261740699));
#2235=DIRECTION('center_axis',(1.,3.01784211509954E-15,6.47178330083616E-15));
#2236=DIRECTION('ref_axis',(7.14082279045281E-15,-0.422618261740699,-0.90630778703665));
#2237=DIRECTION('',(0.,0.90630778703665,-0.422618261740699));
#2238=DIRECTION('',(7.14082279045281E-15,-0.422618261740699,-0.90630778703665));
#2239=DIRECTION('',(0.,0.90630778703665,-0.422618261740699));
#2240=DIRECTION('center_axis',(0.,-0.422618261740699,-0.90630778703665));
#2241=DIRECTION('ref_axis',(-0.707106781186546,-0.64085638205579,0.29883623873012));
#2242=DIRECTION('',(0.,0.422618261740699,0.90630778703665));
#2243=DIRECTION('center_axis',(0.,-0.90630778703665,0.422618261740699));
#2244=DIRECTION('ref_axis',(1.,0.,0.));
#2245=DIRECTION('',(-1.,-3.79607102718242E-14,-8.14070058853852E-14));
#2246=DIRECTION('',(1.,3.80035297313569E-14,8.14988325126856E-14));
#2247=DIRECTION('center_axis',(0.,0.90630778703665,-0.422618261740699));
#2248=DIRECTION('ref_axis',(1.,0.,0.));
#2249=DIRECTION('center_axis',(0.,-0.90630778703665,0.4226182617407));
#2250=DIRECTION('ref_axis',(-1.,0.,0.));
#2251=DIRECTION('center_axis',(0.,-0.90630778703665,0.422618261740699));
#2252=DIRECTION('ref_axis',(-1.,0.,0.));
#2253=DIRECTION('',(0.,-0.90630778703665,0.4226182617407));
#2254=DIRECTION('center_axis',(0.,0.90630778703665,-0.422618261740699));
#2255=DIRECTION('ref_axis',(-1.,0.,0.));
#2256=DIRECTION('center_axis',(0.,0.90630778703665,-0.422618261740699));
#2257=DIRECTION('ref_axis',(-1.,0.,0.));
#2258=DIRECTION('center_axis',(0.,-0.90630778703665,0.422618261740699));
#2259=DIRECTION('ref_axis',(1.,0.,0.));
#2260=DIRECTION('center_axis',(1.,0.,0.));
#2261=DIRECTION('ref_axis',(0.,-0.422618261740699,-0.90630778703665));
#2262=DIRECTION('',(0.,0.90630778703665,-0.422618261740699));
#2263=DIRECTION('',(0.,-0.422618261740699,-0.90630778703665));
#2264=DIRECTION('',(0.,0.90630778703665,-0.422618261740699));
#2265=DIRECTION('center_axis',(-5.55111512312578E-16,0.422618261740699,
0.90630778703665));
#2266=DIRECTION('ref_axis',(1.,2.34600262405793E-16,5.03101886282581E-16));
#2267=DIRECTION('',(1.,2.34600262405793E-16,5.03101886282581E-16));
#2268=DIRECTION('',(0.,0.90630778703665,-0.422618261740699));
#2269=DIRECTION('center_axis',(-1.,-2.34600262405793E-17,-5.03101886282581E-17));
#2270=DIRECTION('ref_axis',(-5.55111512312579E-17,0.422618261740699,0.90630778703665));
#2271=DIRECTION('',(-5.55111512312578E-17,0.422618261740699,0.90630778703665));
#2272=DIRECTION('',(0.,0.90630778703665,-0.422618261740699));
#2273=DIRECTION('center_axis',(0.,-0.422618261740699,-0.90630778703665));
#2274=DIRECTION('ref_axis',(-1.,0.,0.));
#2275=DIRECTION('',(-1.,0.,0.));
#2276=DIRECTION('center_axis',(0.,0.90630778703665,-0.422618261740699));
#2277=DIRECTION('ref_axis',(0.,0.422618261740699,0.90630778703665));
#2278=DIRECTION('center_axis',(8.98226927427836E-14,-0.422618261740699,
-0.90630778703665));
#2279=DIRECTION('ref_axis',(-1.,-3.79607102718242E-14,-8.14070058853852E-14));
#2280=DIRECTION('center_axis',(-8.99240122157197E-14,0.422618261740699,
0.90630778703665));
#2281=DIRECTION('ref_axis',(1.,3.80035297313569E-14,8.14988325126856E-14));
#2282=DIRECTION('center_axis',(0.,0.90630778703665,-0.422618261740699));
#2283=DIRECTION('ref_axis',(1.,0.,0.));
#2284=DIRECTION('',(0.,0.90630778703665,-0.422618261740699));
#2285=DIRECTION('center_axis',(0.,1.,0.));
#2286=DIRECTION('ref_axis',(-1.,0.,0.));
#2287=DIRECTION('',(1.,0.,0.));
#2288=DIRECTION('',(0.,0.,1.));
#2289=DIRECTION('',(0.,0.,1.));
#2290=DIRECTION('center_axis',(1.,0.,0.));
#2291=DIRECTION('ref_axis',(0.,1.,0.));
#2292=DIRECTION('',(0.,-1.,0.));
#2293=DIRECTION('',(0.,0.,1.));
#2294=DIRECTION('center_axis',(0.,-1.,0.));
#2295=DIRECTION('ref_axis',(1.,0.,0.));
#2296=DIRECTION('',(-1.,0.,0.));
#2297=DIRECTION('',(0.,0.,1.));
#2298=DIRECTION('center_axis',(-1.,-3.92304955697935E-17,0.));
#2299=DIRECTION('ref_axis',(3.92304955697935E-17,-1.,0.));
#2300=DIRECTION('',(-3.92304955697935E-17,1.,0.));
#2301=DIRECTION('',(0.,0.,1.));
#2302=DIRECTION('center_axis',(0.,-1.,0.));
#2303=DIRECTION('ref_axis',(1.,0.,0.));
#2304=DIRECTION('',(-1.,0.,0.));
#2305=DIRECTION('',(0.,0.,1.));
#2306=DIRECTION('center_axis',(1.,0.,0.));
#2307=DIRECTION('ref_axis',(0.,1.,0.));
#2308=DIRECTION('',(0.,-1.,0.));
#2309=DIRECTION('',(0.,0.,1.));
#2310=DIRECTION('center_axis',(0.,-1.,0.));
#2311=DIRECTION('ref_axis',(1.,0.,0.));
#2312=DIRECTION('',(-1.,0.,0.));
#2313=DIRECTION('',(0.,0.,1.));
#2314=DIRECTION('center_axis',(-1.,0.,0.));
#2315=DIRECTION('ref_axis',(0.,-1.,0.));
#2316=DIRECTION('',(0.,1.,0.));
#2317=DIRECTION('center_axis',(1.,0.,0.));
#2318=DIRECTION('ref_axis',(0.,1.,0.));
#2319=DIRECTION('',(0.,-1.,0.));
#2320=DIRECTION('',(0.,0.,1.));
#2321=DIRECTION('',(0.,0.,1.));
#2322=DIRECTION('center_axis',(5.69345140833414E-17,-1.,0.));
#2323=DIRECTION('ref_axis',(1.,5.69345140833414E-17,0.));
#2324=DIRECTION('',(-1.,-5.69345140833414E-17,0.));
#2325=DIRECTION('',(0.,0.,1.));
#2326=DIRECTION('center_axis',(-1.,0.,0.));
#2327=DIRECTION('ref_axis',(0.,-1.,0.));
#2328=DIRECTION('',(0.,1.,0.));
#2329=DIRECTION('',(0.,0.,1.));
#2330=DIRECTION('center_axis',(0.,1.,0.));
#2331=DIRECTION('ref_axis',(-1.,0.,0.));
#2332=DIRECTION('',(1.,0.,0.));
#2333=DIRECTION('',(0.,0.,1.));
#2334=DIRECTION('center_axis',(1.,0.,0.));
#2335=DIRECTION('ref_axis',(0.,1.,0.));
#2336=DIRECTION('',(0.,-1.,0.));
#2337=DIRECTION('',(0.,0.,1.));
#2338=DIRECTION('center_axis',(-6.34413156928661E-17,1.,0.));
#2339=DIRECTION('ref_axis',(-1.,-6.34413156928661E-17,0.));
#2340=DIRECTION('',(1.,6.34413156928661E-17,0.));
#2341=DIRECTION('',(0.,0.,1.));
#2342=DIRECTION('center_axis',(-1.,-3.92304955697935E-17,0.));
#2343=DIRECTION('ref_axis',(3.92304955697935E-17,-1.,0.));
#2344=DIRECTION('',(-3.92304955697935E-17,1.,0.));
#2345=DIRECTION('',(0.,0.,1.));
#2346=DIRECTION('center_axis',(0.,1.,0.));
#2347=DIRECTION('ref_axis',(-1.,0.,0.));
#2348=DIRECTION('',(1.,0.,0.));
#2349=DIRECTION('center_axis',(-1.,0.,0.));
#2350=DIRECTION('ref_axis',(0.,0.,1.));
#2351=DIRECTION('',(0.,0.,1.));
#2352=DIRECTION('',(0.,1.,0.));
#2353=DIRECTION('center_axis',(1.,0.,0.));
#2354=DIRECTION('ref_axis',(0.,0.,-1.));
#2355=DIRECTION('',(0.,1.,0.));
#2356=DIRECTION('',(0.,0.,-1.));
#2357=DIRECTION('center_axis',(0.,1.,0.));
#2358=DIRECTION('ref_axis',(-1.,0.,0.));
#2359=DIRECTION('',(1.,0.,0.));
#2360=DIRECTION('center_axis',(0.,1.,0.));
#2361=DIRECTION('ref_axis',(-1.,0.,0.));
#2362=DIRECTION('',(1.,0.,0.));
#2363=DIRECTION('center_axis',(0.,-1.,0.));
#2364=DIRECTION('ref_axis',(1.,0.,0.));
#2365=DIRECTION('',(-1.,0.,0.));
#2366=DIRECTION('center_axis',(0.,0.,1.));
#2367=DIRECTION('ref_axis',(1.,0.,0.));
#2368=CARTESIAN_POINT('',(0.,0.,0.));
#2369=CARTESIAN_POINT('Ctrl Pts',(52.7089360350059,-28.5080792138092,4.65707247426302));
#2370=CARTESIAN_POINT('Ctrl Pts',(53.0761408813689,-28.3368487818385,4.73051344353563));
#2371=CARTESIAN_POINT('Ctrl Pts',(53.8345962438965,-27.7251036216172,4.99289178947217));
#2372=CARTESIAN_POINT('Ctrl Pts',(54.152390380654,-26.7825307051682,5.39716261795412));
#2373=CARTESIAN_POINT('Ctrl Pts',(54.152390380654,-26.2423097462176,5.62886413496889));
#2374=CARTESIAN_POINT('Ctrl Pts',(52.5682113946726,-28.5737001912877,4.82839667893016));
#2375=CARTESIAN_POINT('Ctrl Pts',(52.8940193913815,-28.4496632730065,4.90571866471483));
#2376=CARTESIAN_POINT('Ctrl Pts',(53.596449497489,-28.002590651038,5.18240235723058));
#2377=CARTESIAN_POINT('Ctrl Pts',(54.0315536521093,-27.2571462098057,5.61782411050588));
#2378=CARTESIAN_POINT('Ctrl Pts',(54.152390380654,-26.7846430577691,5.88175831141794));
#2379=CARTESIAN_POINT('Ctrl Pts',(52.2920307175176,-28.6242367689697,5.12814294927517));
#2380=CARTESIAN_POINT('Ctrl Pts',(52.5240096362829,-28.5640128410401,5.21216394070916));
#2381=CARTESIAN_POINT('Ctrl Pts',(53.0435467301351,-28.3469181840222,5.51427306767086));
#2382=CARTESIAN_POINT('Ctrl Pts',(53.4639998102715,-27.9759016533759,6.00440788837803));
#2383=CARTESIAN_POINT('Ctrl Pts',(53.6503960150862,-27.723672433063,6.31963490034997));
#2384=CARTESIAN_POINT('Ctrl Pts',(51.9921926650248,-28.5572949469181,5.39676551749446));
#2385=CARTESIAN_POINT('Ctrl Pts',(52.1131829682237,-28.5204495080203,5.47580975754701));
#2386=CARTESIAN_POINT('Ctrl Pts',(52.3753360825276,-28.3881557799263,5.75875172050383));
#2387=CARTESIAN_POINT('Ctrl Pts',(52.5458326116919,-28.1793484281686,6.2049266392549));
#2388=CARTESIAN_POINT('Ctrl Pts',(52.6011893311669,-28.0549253202909,6.47410065845029));
#2389=CARTESIAN_POINT('Ctrl Pts',(51.8636995115244,-28.5080792138092,5.50230899774442));
#2390=CARTESIAN_POINT('Ctrl Pts',(51.937140480797,-28.4738331274151,5.57574996701703));
#2391=CARTESIAN_POINT('Ctrl Pts',(52.0888315533025,-28.3514840953708,5.83812831295357));
#2392=CARTESIAN_POINT('Ctrl Pts',(52.152390380654,-28.162969512081,6.24239914143552));
#2393=CARTESIAN_POINT('Ctrl Pts',(52.152390380654,-28.0549253202909,6.47410065845029));
#2394=CARTESIAN_POINT('',(54.152390380654,-26.2423097462176,5.62886413496889));
#2395=CARTESIAN_POINT('',(52.1523903806541,-28.0549253202909,6.47410065845029));
#2396=CARTESIAN_POINT('Origin',(52.152390380654,-26.2423097462176,5.62886413496889));
#2397=CARTESIAN_POINT('',(51.8636995115244,-28.5080792138092,5.50230899774446));
#2398=CARTESIAN_POINT('Origin',(51.652390380654,-28.0549253202909,6.47410065845029));
#2399=CARTESIAN_POINT('',(52.7089360350059,-28.5080792138092,4.65707247426301));
#2400=CARTESIAN_POINT('Origin',(51.8636995115244,-26.6954636397359,4.65707247426301));
#2401=CARTESIAN_POINT('Origin',(51.652390380654,-26.2423097462176,5.62886413496889));
#2402=CARTESIAN_POINT('Ctrl Pts',(51.652390380654,-28.7423097462176,4.44576334339264));
#2403=CARTESIAN_POINT('Ctrl Pts',(52.0160006414862,-28.7423097462176,4.51848539555908));
#2404=CARTESIAN_POINT('Ctrl Pts',(52.3793932241673,-28.6617475501932,4.59116391209528));
#2405=CARTESIAN_POINT('Ctrl Pts',(52.7089360350059,-28.5080792138092,4.65707247426301));
#2406=CARTESIAN_POINT('Ctrl Pts',(51.652390380654,-28.7423097462176,4.44576334339264));
#2407=CARTESIAN_POINT('Ctrl Pts',(51.9190379052643,-28.7423097462176,4.61544813178099));
#2408=CARTESIAN_POINT('Ctrl Pts',(52.186180381837,-28.7071312424971,4.78507025079984));
#2409=CARTESIAN_POINT('Ctrl Pts',(52.4626679144226,-28.6229159243966,4.95688983243052));
#2410=CARTESIAN_POINT('Ctrl Pts',(51.652390380654,-28.7423097462176,4.44576334339264));
#2411=CARTESIAN_POINT('Ctrl Pts',(51.8220751690424,-28.7423097462176,4.71241086800291));
#2412=CARTESIAN_POINT('Ctrl Pts',(51.9916972880612,-28.7071312424971,4.97955334457563));
#2413=CARTESIAN_POINT('Ctrl Pts',(52.1635168696919,-28.6229159243966,5.2560408771612));
#2414=CARTESIAN_POINT('Ctrl Pts',(51.652390380654,-28.7423097462176,4.44576334339264));
#2415=CARTESIAN_POINT('Ctrl Pts',(51.7251124328205,-28.7423097462176,4.80937360422482));
#2416=CARTESIAN_POINT('Ctrl Pts',(51.7977909493567,-28.6617475501932,5.17276618690584));
#2417=CARTESIAN_POINT('Ctrl Pts',(51.8636995115244,-28.5080792138092,5.50230899774446));
#2418=CARTESIAN_POINT('',(51.652390380654,-28.7423097462176,4.44576334339264));
#2419=CARTESIAN_POINT('Origin',(51.652390380654,-26.2423097462176,4.44576334339264));
#2420=CARTESIAN_POINT('Origin',(51.652390380654,-26.2423097462176,4.44576334339264));
#2421=CARTESIAN_POINT('Ctrl Pts',(-95.5589187502163,-28.5080792138092,5.50230899774443));
#2422=CARTESIAN_POINT('Ctrl Pts',(-95.6323597194889,-28.4738331274151,5.57574996701704));
#2423=CARTESIAN_POINT('Ctrl Pts',(-95.7840435913599,-28.3514788362383,5.83813959119974));
#2424=CARTESIAN_POINT('Ctrl Pts',(-95.8476096193459,-28.162969512081,6.24239914143551));
#2425=CARTESIAN_POINT('Ctrl Pts',(-95.8476096193459,-28.0549253202909,6.47410065845028));
#2426=CARTESIAN_POINT('Ctrl Pts',(-95.7302429548835,-28.5737001912877,5.36158435741114));
#2427=CARTESIAN_POINT('Ctrl Pts',(-95.8671149905736,-28.5360805225988,5.44251991441259));
#2428=CARTESIAN_POINT('Ctrl Pts',(-96.1650861587637,-28.3996126520187,5.73189066174077));
#2429=CARTESIAN_POINT('Ctrl Pts',(-96.3697391923627,-28.1833384177526,6.19133133326349));
#2430=CARTESIAN_POINT('Ctrl Pts',(-96.4460082200297,-28.0549253202909,6.47410065845028));
#2431=CARTESIAN_POINT('Ctrl Pts',(-96.0299886211347,-28.6242338694215,5.08540293226852));
#2432=CARTESIAN_POINT('Ctrl Pts',(-96.2777286436858,-28.5570822481398,5.16851930625328));
#2433=CARTESIAN_POINT('Ctrl Pts',(-96.8334155384059,-28.3147029748928,5.46742256750528));
#2434=CARTESIAN_POINT('Ctrl Pts',(-97.2843937841625,-27.8919556629136,5.95143184576945));
#2435=CARTESIAN_POINT('Ctrl Pts',(-97.4820319425637,-27.5998762729906,6.26190780285803));
#2436=CARTESIAN_POINT('Ctrl Pts',(-96.2986117934479,-28.5572949469181,4.78556562776338));
#2437=CARTESIAN_POINT('Ctrl Pts',(-96.6347429449511,-28.4213908015962,4.86190110097473));
#2438=CARTESIAN_POINT('Ctrl Pts',(-97.3518650379719,-27.9336705593317,5.1352818934219));
#2439=CARTESIAN_POINT('Ctrl Pts',(-97.7589421253615,-27.1394424088707,5.56343848973071));
#2440=CARTESIAN_POINT('Ctrl Pts',(-97.8476096193459,-26.6490597298813,5.81853476730567));
#2441=CARTESIAN_POINT('Ctrl Pts',(-96.4041552736979,-28.5080792138092,4.65707247426303));
#2442=CARTESIAN_POINT('Ctrl Pts',(-96.7713601200608,-28.3368487818384,4.73051344353563));
#2443=CARTESIAN_POINT('Ctrl Pts',(-97.5297794794159,-27.7250773259544,4.99290306771834));
#2444=CARTESIAN_POINT('Ctrl Pts',(-97.8476096193459,-26.7825307051682,5.39716261795412));
#2445=CARTESIAN_POINT('Ctrl Pts',(-97.8476096193459,-26.2423097462176,5.62886413496889));
#2446=CARTESIAN_POINT('',(-95.8476096193459,-28.0549253202909,6.47410065845029));
#2447=CARTESIAN_POINT('',(-97.8476096193459,-26.2423097462176,5.62886413496889));
#2448=CARTESIAN_POINT('Origin',(-95.8476096193459,-26.2423097462176,5.62886413496889));
#2449=CARTESIAN_POINT('',(-96.4041552736978,-28.5080792138092,4.65707247426301));
#2450=CARTESIAN_POINT('Origin',(-95.3476096193459,-26.2423097462176,5.62886413496889));
#2451=CARTESIAN_POINT('',(-95.5589187502163,-28.5080792138092,5.50230899774448));
#2452=CARTESIAN_POINT('Origin',(-95.5589187502163,-26.6954636397359,4.65707247426301));
#2453=CARTESIAN_POINT('Origin',(-95.3476096193459,-28.0549253202909,6.47410065845029));
#2454=CARTESIAN_POINT('Ctrl Pts',(-95.3476096193459,-28.7423097462176,4.44576334339264));
#2455=CARTESIAN_POINT('Ctrl Pts',(-95.4203316715124,-28.7423097462176,4.80937360422482));
#2456=CARTESIAN_POINT('Ctrl Pts',(-95.4930101880486,-28.6617475501932,5.17276618690584));
#2457=CARTESIAN_POINT('Ctrl Pts',(-95.5589187502163,-28.5080792138092,5.50230899774447));
#2458=CARTESIAN_POINT('Ctrl Pts',(-95.3476096193459,-28.7423097462176,4.44576334339264));
#2459=CARTESIAN_POINT('Ctrl Pts',(-95.5172944077343,-28.7423097462176,4.71241086800291));
#2460=CARTESIAN_POINT('Ctrl Pts',(-95.6869165267531,-28.7071312424971,4.97955334457563));
#2461=CARTESIAN_POINT('Ctrl Pts',(-95.8587361083838,-28.6229159243966,5.2560408771612));
#2462=CARTESIAN_POINT('Ctrl Pts',(-95.3476096193459,-28.7423097462176,4.44576334339264));
#2463=CARTESIAN_POINT('Ctrl Pts',(-95.6142571439562,-28.7423097462176,4.61544813178099));
#2464=CARTESIAN_POINT('Ctrl Pts',(-95.8813996205289,-28.7071312424971,4.78507025079983));
#2465=CARTESIAN_POINT('Ctrl Pts',(-96.1578871531145,-28.6229159243966,4.95688983243051));
#2466=CARTESIAN_POINT('Ctrl Pts',(-95.3476096193459,-28.7423097462176,4.44576334339264));
#2467=CARTESIAN_POINT('Ctrl Pts',(-95.7112198801781,-28.7423097462176,4.51848539555907));
#2468=CARTESIAN_POINT('Ctrl Pts',(-96.0746124628591,-28.6617475501932,4.59116391209528));
#2469=CARTESIAN_POINT('Ctrl Pts',(-96.4041552736978,-28.5080792138092,4.657072474263));
#2470=CARTESIAN_POINT('',(-95.3476096193459,-28.7423097462176,4.44576334339264));
#2471=CARTESIAN_POINT('Origin',(-95.3476096193459,-26.2423097462176,4.44576334339264));
#2472=CARTESIAN_POINT('Origin',(-95.3476096193459,-26.2423097462176,4.44576334339264));
#2473=CARTESIAN_POINT('Origin',(-95.3476096193459,-26.2423097462176,0.));
#2474=CARTESIAN_POINT('',(-97.8476096193459,-26.2423097462176,0.));
#2475=CARTESIAN_POINT('',(-97.8476096193459,-26.2423097462176,0.));
#2476=CARTESIAN_POINT('',(-95.3476096193459,-28.7423097462176,0.));
#2477=CARTESIAN_POINT('Origin',(-95.3476096193459,-26.2423097462176,0.));
#2478=CARTESIAN_POINT('',(-95.3476096193459,-28.7423097462176,0.));
#2479=CARTESIAN_POINT('Origin',(-59.8476096193459,-26.2423097462176,4.44576334339264));
#2480=CARTESIAN_POINT('',(-59.8476096193459,-28.5080792138092,5.50230899774439));
#2481=CARTESIAN_POINT('',(-59.8476096193459,-28.7423097462176,4.44576334339264));
#2482=CARTESIAN_POINT('Origin',(51.652390380654,-26.2423097462176,0.));
#2483=CARTESIAN_POINT('',(51.652390380654,-28.7423097462176,0.));
#2484=CARTESIAN_POINT('',(51.652390380654,-28.7423097462176,0.));
#2485=CARTESIAN_POINT('',(54.1523903806541,-26.2423097462176,0.));
#2486=CARTESIAN_POINT('Origin',(51.652390380654,-26.2423097462176,0.));
#2487=CARTESIAN_POINT('',(54.1523903806541,-26.2423097462176,0.));
#2488=CARTESIAN_POINT('Origin',(52.1523903806541,-19.0122662294883,21.1337424921801));
#2489=CARTESIAN_POINT('',(54.1523903806541,6.02997659929963,74.8370055435967));
#2490=CARTESIAN_POINT('',(54.1523903806541,-19.0122662294883,21.1337424921801));
#2491=CARTESIAN_POINT('',(52.1523903806541,3.82322076137464,74.8370055435967));
#2492=CARTESIAN_POINT('Origin',(52.1523903806541,6.02997659929962,74.8370055435967));
#2493=CARTESIAN_POINT('',(52.1523903806541,-20.8248818035616,21.9789790156615));
#2494=CARTESIAN_POINT('Origin',(54.1523903806541,-28.7423097462176,0.));
#2495=CARTESIAN_POINT('',(54.1523903806541,53.2576902537824,0.));
#2496=CARTESIAN_POINT('',(54.1523903806541,55.2576902537824,0.));
#2497=CARTESIAN_POINT('',(54.1523903806541,53.2576902537824,8.99999999999999));
#2498=CARTESIAN_POINT('',(54.1523903806541,53.2576902537824,0.));
#2499=CARTESIAN_POINT('',(54.1523903806541,50.2576902537824,8.99999999999999));
#2500=CARTESIAN_POINT('',(54.1523903806541,13.2576902537824,8.99999999999999));
#2501=CARTESIAN_POINT('',(54.1523903806541,50.2576902537824,69.8370055435967));
#2502=CARTESIAN_POINT('',(54.1523903806541,50.2576902537824,19.7092513858992));
#2503=CARTESIAN_POINT('',(54.1523903806541,8.23673243722461,69.8370055435967));
#2504=CARTESIAN_POINT('',(54.1523903806541,1.50245079964295,69.8370055435967));
#2505=CARTESIAN_POINT('',(54.1523903806541,8.23673243722461,74.8370055435967));
#2506=CARTESIAN_POINT('',(54.1523903806541,8.23673243722461,37.4185027717984));
#2507=CARTESIAN_POINT('',(54.1523903806541,13.2576902537824,74.8370055435967));
#2508=CARTESIAN_POINT('Origin',(-97.8476096193459,-28.7423097462176,0.));
#2509=CARTESIAN_POINT('',(54.1523903806541,-28.7423097462176,0.));
#2510=CARTESIAN_POINT('Origin',(-21.8476096193459,13.2576902537824,0.));
#2511=CARTESIAN_POINT('',(-97.8476096193459,53.2576902537824,0.));
#2512=CARTESIAN_POINT('',(-97.8476096193459,-28.7423097462176,0.));
#2513=CARTESIAN_POINT('',(-95.8476096193459,55.2576902537824,0.));
#2514=CARTESIAN_POINT('Origin',(-95.8476096193459,53.2576902537824,0.));
#2515=CARTESIAN_POINT('',(52.1523903806541,55.2576902537824,0.));
#2516=CARTESIAN_POINT('',(-97.8476096193459,55.2576902537824,0.));
#2517=CARTESIAN_POINT('Origin',(52.1523903806541,53.2576902537824,0.));
#2518=CARTESIAN_POINT('Origin',(12.9523902912589,31.2576902537824,4.));
#2519=CARTESIAN_POINT('',(12.9523902912589,21.0000003129244,4.));
#2520=CARTESIAN_POINT('',(12.9523902912589,31.2576902537824,4.));
#2521=CARTESIAN_POINT('',(12.9523902912589,22.2576902537824,4.));
#2522=CARTESIAN_POINT('',(12.9523902912589,21.0000003129244,13.));
#2523=CARTESIAN_POINT('',(12.9523902912589,21.0000003129244,4.));
#2524=CARTESIAN_POINT('',(12.9523902912589,31.2576902537824,13.));
#2525=CARTESIAN_POINT('',(12.9523902912589,23.2576902537824,13.));
#2526=CARTESIAN_POINT('',(12.9523902912589,31.2576902537824,4.));
#2527=CARTESIAN_POINT('Origin',(15.9523903359589,31.2576902537824,4.));
#2528=CARTESIAN_POINT('',(15.9523903359589,31.2576902537824,4.));
#2529=CARTESIAN_POINT('',(-2.9476096416935,31.2576902537824,4.));
#2530=CARTESIAN_POINT('',(15.9523903359589,31.2576902537824,13.));
#2531=CARTESIAN_POINT('',(12.9523902912589,31.2576902537824,13.));
#2532=CARTESIAN_POINT('',(15.9523903359589,31.2576902537824,4.));
#2533=CARTESIAN_POINT('Origin',(15.9523903359589,23.2576902537824,4.));
#2534=CARTESIAN_POINT('',(15.9523903359589,23.2576902537824,4.));
#2535=CARTESIAN_POINT('',(15.9523903359589,18.2576902537824,4.));
#2536=CARTESIAN_POINT('',(15.9523903359589,23.2576902537824,13.));
#2537=CARTESIAN_POINT('',(15.9523903359589,31.2576902537824,13.));
#2538=CARTESIAN_POINT('',(15.9523903359589,23.2576902537824,4.));
#2539=CARTESIAN_POINT('Origin',(19.0000002831221,23.2576902537824,4.));
#2540=CARTESIAN_POINT('',(19.0000002831221,23.2576902537824,4.));
#2541=CARTESIAN_POINT('',(-1.42380466811193,23.2576902537824,4.));
#2542=CARTESIAN_POINT('',(19.0000002831221,23.2576902537824,13.));
#2543=CARTESIAN_POINT('',(12.9523902912589,23.2576902537824,13.));
#2544=CARTESIAN_POINT('',(19.0000002831221,23.2576902537824,4.));
#2545=CARTESIAN_POINT('Origin',(19.0000002831221,21.0000003129244,4.));
#2546=CARTESIAN_POINT('',(19.0000002831221,21.0000003129244,4.));
#2547=CARTESIAN_POINT('',(19.0000002831221,17.1288452833534,4.));
#2548=CARTESIAN_POINT('',(19.0000002831221,21.0000003129244,13.));
#2549=CARTESIAN_POINT('',(19.0000002831221,23.2576902537824,13.));
#2550=CARTESIAN_POINT('',(19.0000002831221,21.0000003129244,4.));
#2551=CARTESIAN_POINT('Origin',(12.9523902912589,21.0000003129244,4.));
#2552=CARTESIAN_POINT('',(-4.4476096640435,21.0000003129244,4.));
#2553=CARTESIAN_POINT('',(19.0000002831221,21.0000003129244,13.));
#2554=CARTESIAN_POINT('Origin',(15.9761952871905,26.1288452833534,13.));
#2555=CARTESIAN_POINT('Origin',(28.1523903359555,31.2576902537824,4.));
#2556=CARTESIAN_POINT('',(28.1523903359589,23.2576902537824,4.));
#2557=CARTESIAN_POINT('',(28.1523903359555,31.2576902537824,4.));
#2558=CARTESIAN_POINT('',(28.1523903359594,22.2576902537933,4.));
#2559=CARTESIAN_POINT('',(28.1523903359589,23.2576902537824,13.));
#2560=CARTESIAN_POINT('',(28.1523903359589,23.2576902537824,4.));
#2561=CARTESIAN_POINT('',(28.1523903359555,31.2576902537824,13.));
#2562=CARTESIAN_POINT('',(28.1523903359589,23.2576902537824,13.));
#2563=CARTESIAN_POINT('',(28.1523903359555,31.2576902537824,4.));
#2564=CARTESIAN_POINT('Origin',(31.1523903806541,31.2576902537824,4.));
#2565=CARTESIAN_POINT('',(31.1523903806541,31.2576902537824,4.));
#2566=CARTESIAN_POINT('',(4.65239038065407,31.2576902537824,4.));
#2567=CARTESIAN_POINT('',(31.1523903806541,31.2576902537824,13.));
#2568=CARTESIAN_POINT('',(28.1523903359555,31.2576902537824,13.));
#2569=CARTESIAN_POINT('',(31.1523903806541,31.2576902537824,4.));
#2570=CARTESIAN_POINT('Origin',(31.1523903806603,21.0000003129244,4.));
#2571=CARTESIAN_POINT('',(31.1523903806589,21.0000003129244,4.));
#2572=CARTESIAN_POINT('',(31.1523903806627,17.1288452833695,4.));
#2573=CARTESIAN_POINT('',(31.1523903806589,21.0000003129244,13.));
#2574=CARTESIAN_POINT('',(31.1523903806541,31.2576902537824,13.));
#2575=CARTESIAN_POINT('',(31.1523903806589,21.0000003129244,4.));
#2576=CARTESIAN_POINT('Origin',(25.5098994668945,21.0000003129244,4.));
#2577=CARTESIAN_POINT('',(25.5098994668945,21.0000003129244,4.));
#2578=CARTESIAN_POINT('',(1.83114492377429,21.0000003129244,4.));
#2579=CARTESIAN_POINT('',(25.5098994668945,21.0000003129244,13.));
#2580=CARTESIAN_POINT('',(31.1523903806589,21.0000003129244,13.));
#2581=CARTESIAN_POINT('',(25.5098994668945,21.0000003129244,4.));
#2582=CARTESIAN_POINT('Origin',(25.5098994668945,23.2576902537824,4.));
#2583=CARTESIAN_POINT('',(25.5098994668945,23.2576902537824,4.));
#2584=CARTESIAN_POINT('',(25.5098994668945,18.2576902537824,4.));
#2585=CARTESIAN_POINT('',(25.5098994668945,23.2576902537824,13.));
#2586=CARTESIAN_POINT('',(25.5098994668945,21.0000003129244,13.));
#2587=CARTESIAN_POINT('',(25.5098994668945,23.2576902537824,4.));
#2588=CARTESIAN_POINT('Origin',(28.1523903359589,23.2576902537824,4.));
#2589=CARTESIAN_POINT('',(3.1523903583065,23.2576902537824,4.));
#2590=CARTESIAN_POINT('',(25.5098994668945,23.2576902537824,13.));
#2591=CARTESIAN_POINT('Origin',(28.3311449237767,22.1288452833534,13.));
#2592=CARTESIAN_POINT('Origin',(-87.3476096193459,-20.1485205821467,13.9646340031402));
#2593=CARTESIAN_POINT('',(-87.3476096193459,-22.0245288954808,14.6739243585666));
#2594=CARTESIAN_POINT('',(-87.3476096193459,-20.2119133214075,13.8286878350852));
#2595=CARTESIAN_POINT('',(-87.3476096193459,-23.8371444695541,15.519160882048));
#2596=CARTESIAN_POINT('',(-87.3476096193459,-20.2330442344948,13.7833724457329));
#2597=CARTESIAN_POINT('',(-87.3476096193459,-13.7578160935542,27.6695440058583));
#2598=CARTESIAN_POINT('',(-87.3476096193459,-22.0456598085681,14.6286089692143));
#2599=CARTESIAN_POINT('',(-87.3476096193459,-22.0456598085681,14.6286089692143));
#2600=CARTESIAN_POINT('',(-87.3476096193459,-21.96113615622,14.8098705266216));
#2601=CARTESIAN_POINT('Origin',(-93.847609619346,-20.2330442344948,13.7833724457329));
#2602=CARTESIAN_POINT('',(-93.847609619346,-20.2330442344948,13.7833724457329));
#2603=CARTESIAN_POINT('',(-57.8476096193459,-20.2330442344948,13.7833724457329));
#2604=CARTESIAN_POINT('',(-93.847609619346,-22.0456598085681,14.6286089692143));
#2605=CARTESIAN_POINT('',(-93.847609619346,-20.2330442344948,13.7833724457329));
#2606=CARTESIAN_POINT('',(-93.847609619346,-22.0456598085681,14.6286089692143));
#2607=CARTESIAN_POINT('Origin',(-21.8476096193459,-7.36711160496164,41.3744540085765));
#2608=CARTESIAN_POINT('',(5.79239038065408,-20.211913321404,13.8286878350928));
#2609=CARTESIAN_POINT('',(-8.02760961934456,-20.2119133214045,13.8286878350917));
#2610=CARTESIAN_POINT('',(5.79239038065408,-20.1485205821467,13.9646340031402));
#2611=CARTESIAN_POINT('',(5.79239038065378,-2.3893848527274,52.0492234771484));
#2612=CARTESIAN_POINT('',(11.9423903806541,-20.1485205821467,13.9646340031402));
#2613=CARTESIAN_POINT('',(-8.02760961934593,-20.1485205821467,13.9646340031402));
#2614=CARTESIAN_POINT('',(11.9423903806541,2.58834189950296,62.723992945712));
#2615=CARTESIAN_POINT('',(11.9423903806541,-13.7578160935542,27.6695440058583));
#2616=CARTESIAN_POINT('',(-93.847609619346,2.58834189950296,62.723992945712));
#2617=CARTESIAN_POINT('',(-4.95260961934594,2.58834189950296,62.723992945712));
#2618=CARTESIAN_POINT('',(-93.8476096193459,8.23673243722461,74.8370055435967));
#2619=CARTESIAN_POINT('',(-93.8476096193459,-9.69819045883237,36.3754392741972));
#2620=CARTESIAN_POINT('',(50.1523903806541,8.23673243722461,74.8370055435967));
#2621=CARTESIAN_POINT('',(16.1523903806541,8.23673243722461,74.8370055435967));
#2622=CARTESIAN_POINT('',(50.1523903806541,-24.7423097462176,4.11322134942823));
#2623=CARTESIAN_POINT('',(50.1523903806541,-17.199650655415,20.2885059686987));
#2624=CARTESIAN_POINT('',(-93.8476096193459,-24.7423097462176,4.11322134942823));
#2625=CARTESIAN_POINT('',(-59.8476096193459,-24.7423097462176,4.11322134942824));
#2626=CARTESIAN_POINT('',(-93.8476096193459,-9.69819045883237,36.3754392741972));
#2627=CARTESIAN_POINT('',(46.0473903806537,-16.1209685477576,22.6017472136));
#2628=CARTESIAN_POINT('',(46.0473903806537,0.783761921870427,58.854058695066));
#2629=CARTESIAN_POINT('',(46.0473903806537,-3.29167484154561,50.1142563518212));
#2630=CARTESIAN_POINT('',(14.0473903806537,0.783761921870418,58.854058695066));
#2631=CARTESIAN_POINT('',(-3.90010961934612,0.783761921870413,58.854058695066));
#2632=CARTESIAN_POINT('',(14.0473903806537,-16.1209685477576,22.6017472136));
#2633=CARTESIAN_POINT('',(14.0473903806537,-11.7440400763596,31.9881006110882));
#2634=CARTESIAN_POINT('',(12.0998903806539,-16.1209685477576,22.6017472136));
#2635=CARTESIAN_POINT('Origin',(-21.4165460551971,4.72805178448808,19.));
#2636=CARTESIAN_POINT('',(7.83345394480286,10.4984133151938,19.));
#2637=CARTESIAN_POINT('',(4.83345394480286,10.4984133151938,19.));
#2638=CARTESIAN_POINT('',(7.83345394480286,10.4984133151938,19.));
#2639=CARTESIAN_POINT('',(4.83345394480286,1.95769025378238,19.));
#2640=CARTESIAN_POINT('',(4.83345394480286,30.2576902537824,19.));
#2641=CARTESIAN_POINT('',(-47.6665460551972,1.95769025378238,19.));
#2642=CARTESIAN_POINT('',(4.83345394480286,1.95769025378238,19.));
#2643=CARTESIAN_POINT('',(-47.6665460551972,10.4984133151938,19.));
#2644=CARTESIAN_POINT('',(-47.6665460551972,1.95769025378238,19.));
#2645=CARTESIAN_POINT('',(-50.6665460551972,10.4984133151938,19.));
#2646=CARTESIAN_POINT('',(-47.6665460551972,10.4984133151938,19.));
#2647=CARTESIAN_POINT('',(-50.6665460551972,-1.04230974621762,19.));
#2648=CARTESIAN_POINT('',(-50.6665460551972,-1.04230974621762,19.));
#2649=CARTESIAN_POINT('',(7.83345394480286,-1.04230974621762,19.));
#2650=CARTESIAN_POINT('',(7.83345394480286,-1.04230974621762,19.));
#2651=CARTESIAN_POINT('',(7.83345394480286,33.2576902537824,19.));
#2652=CARTESIAN_POINT('Origin',(-21.4165460551971,27.8566155741395,19.));
#2653=CARTESIAN_POINT('',(-50.6665460551972,33.2576902537824,19.));
#2654=CARTESIAN_POINT('',(-50.6665460551972,22.4555408944966,19.));
#2655=CARTESIAN_POINT('',(-50.6665460551972,-1.04230974621762,19.));
#2656=CARTESIAN_POINT('',(-47.6665460551972,22.4555408944966,19.));
#2657=CARTESIAN_POINT('',(-50.6665460551972,22.4555408944966,19.));
#2658=CARTESIAN_POINT('',(-47.6665460551972,30.2576902537824,19.));
#2659=CARTESIAN_POINT('',(-47.6665460551972,1.95769025378238,19.));
#2660=CARTESIAN_POINT('',(4.83345394480286,30.2576902537824,19.));
#2661=CARTESIAN_POINT('',(-47.6665460551972,30.2576902537824,19.));
#2662=CARTESIAN_POINT('',(4.83345394480286,22.4555408944966,19.));
#2663=CARTESIAN_POINT('',(4.83345394480286,30.2576902537824,19.));
#2664=CARTESIAN_POINT('',(7.83345394480286,22.4555408944966,19.));
#2665=CARTESIAN_POINT('',(4.83345394480286,22.4555408944966,19.));
#2666=CARTESIAN_POINT('',(7.83345394480286,33.2576902537824,19.));
#2667=CARTESIAN_POINT('',(7.83345394480286,33.2576902537824,19.));
#2668=CARTESIAN_POINT('',(-50.6665460551972,33.2576902537824,19.));
#2669=CARTESIAN_POINT('Origin',(46.9900007003546,53.0000007897615,8.99999999999999));
#2670=CARTESIAN_POINT('',(46.9900007003546,53.9800008046627,11.5));
#2671=CARTESIAN_POINT('',(46.9900007003546,53.9800008046627,8.99999999999999));
#2672=CARTESIAN_POINT('',(46.9900007003546,53.9800008046627,8.99999999999999));
#2673=CARTESIAN_POINT('',(46.9900007003546,53.0000007897615,11.5));
#2674=CARTESIAN_POINT('',(46.9900007003546,53.2500007934868,11.5));
#2675=CARTESIAN_POINT('',(46.9900007003546,53.0000007897615,8.99999999999999));
#2676=CARTESIAN_POINT('',(46.9900007003546,53.0000007897615,8.99999999999999));
#2677=CARTESIAN_POINT('',(46.9900007003546,52.128845521772,8.99999999999997));
#2678=CARTESIAN_POINT('Origin',(47.0000007003546,53.9800008046627,8.99999999999999));
#2679=CARTESIAN_POINT('',(-63.9900009536743,53.9800008046627,8.99999999999999));
#2680=CARTESIAN_POINT('',(48.5761955405043,53.9800008046627,8.99999999999997));
#2681=CARTESIAN_POINT('',(-63.9900009536743,53.9800008046627,11.5));
#2682=CARTESIAN_POINT('',(-63.9900009536743,53.9800008046627,8.99999999999999));
#2683=CARTESIAN_POINT('',(19.2500002868474,53.9800008046627,11.5));
#2684=CARTESIAN_POINT('Origin',(-63.9900009536743,54.0000008046627,8.99999999999999));
#2685=CARTESIAN_POINT('',(-63.9900009536743,53.0000007897615,8.99999999999999));
#2686=CARTESIAN_POINT('',(-63.9900009536743,52.6288455292225,9.00000000000001));
#2687=CARTESIAN_POINT('',(-63.9900009536743,53.0000007897615,11.5));
#2688=CARTESIAN_POINT('',(-63.9900009536743,53.0000007897615,8.99999999999999));
#2689=CARTESIAN_POINT('',(-63.9900009536743,53.7500008009374,11.5));
#2690=CARTESIAN_POINT('Origin',(47.0000007003546,54.0000008046627,11.5));
#2691=CARTESIAN_POINT('',(47.0000007003546,54.0000008046627,11.5));
#2692=CARTESIAN_POINT('',(-64.0000009536743,54.0000008046627,11.5));
#2693=CARTESIAN_POINT('',(19.2500002868474,54.0000008046627,11.5));
#2694=CARTESIAN_POINT('',(47.0000007003546,53.0000007897615,11.5));
#2695=CARTESIAN_POINT('',(47.0000007003546,53.2500007934868,11.5));
#2696=CARTESIAN_POINT('',(-36.2500005401671,53.0000007897615,11.5));
#2697=CARTESIAN_POINT('',(-64.0000009536743,53.0000007897615,11.5));
#2698=CARTESIAN_POINT('',(-36.2500005401671,53.0000007897615,11.5));
#2699=CARTESIAN_POINT('',(-64.0000009536743,53.7500008009374,11.5));
#2700=CARTESIAN_POINT('Origin',(19.2500002868474,53.5000008046627,11.5));
#2701=CARTESIAN_POINT('',(-63.5000009536743,53.5000007972121,12.));
#2702=CARTESIAN_POINT('',(46.5000007003546,53.5000007972121,12.));
#2703=CARTESIAN_POINT('',(-36.2500005401671,53.5000007897615,12.));
#2704=CARTESIAN_POINT('Origin',(46.5000007003546,53.5000008046627,11.5));
#2705=CARTESIAN_POINT('Origin',(-63.5000009536743,53.5000008046627,11.5));
#2706=CARTESIAN_POINT('Origin',(46.5000007003546,53.2500007934868,11.5));
#2707=CARTESIAN_POINT('Origin',(46.5000007003546,53.5000007897615,11.5));
#2708=CARTESIAN_POINT('Origin',(-36.2500005401671,53.5000007897615,11.5));
#2709=CARTESIAN_POINT('Origin',(-63.5000009536743,53.5000007897615,11.5));
#2710=CARTESIAN_POINT('',(-36.2500005401671,53.0000007897615,11.5));
#2711=CARTESIAN_POINT('Origin',(-63.5000009536743,53.7500008009374,11.5));
#2712=CARTESIAN_POINT('Origin',(-64.0000009536743,53.0000007897615,8.99999999999999));
#2713=CARTESIAN_POINT('',(-6.92380528651012,53.0000007897615,8.99999999999999));
#2714=CARTESIAN_POINT('Origin',(50.1862210412879,50.2576902537824,39.4185027717984));
#2715=CARTESIAN_POINT('',(50.1523903806541,50.2576902537824,69.8370055435967));
#2716=CARTESIAN_POINT('',(50.1523903806541,50.2576902537824,8.99999999999999));
#2717=CARTESIAN_POINT('',(50.1523903806541,50.2576902537824,19.7092513858992));
#2718=CARTESIAN_POINT('',(51.169305710971,50.2576902537824,69.8370055435967));
#2719=CARTESIAN_POINT('',(45.6107517123686,50.2576902537824,8.99999999999999));
#2720=CARTESIAN_POINT('Origin',(-94.5841051759251,50.2576902537824,39.4185027717984));
#2721=CARTESIAN_POINT('',(-97.8476096193459,50.2576902537824,69.8370055435967));
#2722=CARTESIAN_POINT('',(-97.8476096193459,50.2576902537824,8.99999999999999));
#2723=CARTESIAN_POINT('',(-97.8476096193459,50.2576902537824,19.7092513858992));
#2724=CARTESIAN_POINT('',(-93.8476096193459,50.2576902537824,69.8370055435967));
#2725=CARTESIAN_POINT('',(-95.2158573976355,50.2576902537824,69.8370055435967));
#2726=CARTESIAN_POINT('',(-93.8476096193459,50.2576902537824,8.99999999999999));
#2727=CARTESIAN_POINT('',(-93.8476096193459,50.2576902537824,19.7092513858992));
#2728=CARTESIAN_POINT('',(-101.61308704354,50.2576902537824,8.99999999999999));
#2729=CARTESIAN_POINT('Origin',(50.1523903806541,51.2576902537824,8.99999999999997));
#2730=CARTESIAN_POINT('',(-70.0005944728549,55.2576902537824,9.00000000000001));
#2731=CARTESIAN_POINT('',(52.1523903806541,55.2576902537824,8.99999999999999));
#2732=CARTESIAN_POINT('',(52.1523903806541,55.2576902537824,8.99999999999997));
#2733=CARTESIAN_POINT('',(-70.0005944728549,51.2576902537824,9.00000000000001));
#2734=CARTESIAN_POINT('',(-70.0005944728549,51.2576902537824,9.00000000000001));
#2735=CARTESIAN_POINT('',(50.1523903806541,51.2576902537824,8.99999999999997));
#2736=CARTESIAN_POINT('',(52.1523903806541,51.2576902537824,8.99999999999997));
#2737=CARTESIAN_POINT('',(50.1523903806541,13.2576902537824,8.99999999999999));
#2738=CARTESIAN_POINT('Origin',(52.1523903806541,53.2576902537824,8.99999999999999));
#2739=CARTESIAN_POINT('Origin',(50.1523903806541,-28.7423097462176,0.));
#2740=CARTESIAN_POINT('',(50.1523903806541,51.2576902537824,4.));
#2741=CARTESIAN_POINT('',(50.1523903806541,51.2576902537824,0.));
#2742=CARTESIAN_POINT('',(50.1523903806541,-24.7423097462176,4.));
#2743=CARTESIAN_POINT('',(50.1523903806541,-7.74230974621762,4.));
#2744=CARTESIAN_POINT('',(50.1523903806541,-24.7423097462176,0.));
#2745=CARTESIAN_POINT('',(50.1523903806541,8.23673243722461,69.8370055435967));
#2746=CARTESIAN_POINT('',(50.1523903806541,8.23673243722461,37.4185027717984));
#2747=CARTESIAN_POINT('',(50.1523903806541,1.50245079964295,69.8370055435967));
#2748=CARTESIAN_POINT('Origin',(-97.8476096193459,55.2576902537824,0.));
#2749=CARTESIAN_POINT('',(-97.8476096193459,6.02997659929963,74.8370055435967));
#2750=CARTESIAN_POINT('',(-97.8476096193459,-11.5108060329057,37.2206757976786));
#2751=CARTESIAN_POINT('',(-97.8476096193459,8.23673243722461,74.8370055435967));
#2752=CARTESIAN_POINT('',(-97.8476096193459,55.2576902537824,74.8370055435967));
#2753=CARTESIAN_POINT('',(-97.8476096193459,8.2367324372246,69.8370055435967));
#2754=CARTESIAN_POINT('',(-97.8476096193459,8.23673243722461,37.4185027717984));
#2755=CARTESIAN_POINT('',(-97.8476096193459,43.5024507996429,69.8370055435967));
#2756=CARTESIAN_POINT('',(-97.8476096193459,53.2576902537824,8.99999999999999));
#2757=CARTESIAN_POINT('',(-97.8476096193459,55.2576902537824,8.99999999999999));
#2758=CARTESIAN_POINT('',(-97.8476096193459,53.2576902537824,0.));
#2759=CARTESIAN_POINT('Origin',(-85.0005944728549,51.2576902537824,9.00000000000001));
#2760=CARTESIAN_POINT('',(-85.0005944728549,51.2576902537824,9.00000000000001));
#2761=CARTESIAN_POINT('',(-93.8476096193459,51.2576902537824,9.00000000000001));
#2762=CARTESIAN_POINT('',(-15.4241020461004,51.2576902537824,9.00000000000001));
#2763=CARTESIAN_POINT('',(-85.0005944728549,55.2576902537824,9.00000000000001));
#2764=CARTESIAN_POINT('',(-85.0005944728549,51.2576902537824,9.00000000000001));
#2765=CARTESIAN_POINT('',(-95.8476096193459,55.2576902537824,8.99999999999999));
#2766=CARTESIAN_POINT('',(-15.4241020461004,55.2576902537824,9.00000000000001));
#2767=CARTESIAN_POINT('Origin',(-95.8476096193459,53.2576902537824,8.99999999999999));
#2768=CARTESIAN_POINT('',(-93.8476096193459,55.2576902537824,8.99999999999999));
#2769=CARTESIAN_POINT('Origin',(-95.8476096193459,53.2576902537824,0.));
#2770=CARTESIAN_POINT('',(-95.8476096193459,55.2576902537824,0.));
#2771=CARTESIAN_POINT('Origin',(54.1523903806541,55.2576902537824,0.));
#2772=CARTESIAN_POINT('',(52.1523903806541,55.2576902537824,0.));
#2773=CARTESIAN_POINT('',(-85.0005944728549,55.2576902537824,4.00000000000001));
#2774=CARTESIAN_POINT('',(-85.0005944728549,55.2576902537824,2.00000000000001));
#2775=CARTESIAN_POINT('',(-70.0005944728549,55.2576902537824,4.00000000000002));
#2776=CARTESIAN_POINT('',(-7.92410204610042,55.2576902537824,4.00000000000002));
#2777=CARTESIAN_POINT('',(-70.0005944728549,55.2576902537824,4.50000000000001));
#2778=CARTESIAN_POINT('Origin',(-93.8476096193459,8.23673243722461,74.8370055435967));
#2779=CARTESIAN_POINT('',(-19.8476096193459,8.23673243722464,74.8370055435967));
#2780=CARTESIAN_POINT('',(-93.8476096193459,8.23673243722461,69.8370055435967));
#2781=CARTESIAN_POINT('',(-93.8476096193459,8.23673243722461,37.4185027717984));
#2782=CARTESIAN_POINT('',(-93.8476096193459,8.23673243722461,69.8370055435967));
#2783=CARTESIAN_POINT('Origin',(-95.8476096193459,31.7472113455035,69.8370055435967));
#2784=CARTESIAN_POINT('',(-93.8476096193459,43.5024507996429,69.8370055435967));
#2785=CARTESIAN_POINT('Origin',(54.1523903806541,8.23673243722461,74.8370055435967));
#2786=CARTESIAN_POINT('',(54.1523903806541,8.23673243722461,74.8370055435967));
#2787=CARTESIAN_POINT('',(50.1523903806541,8.23673243722461,69.8370055435967));
#2788=CARTESIAN_POINT('Origin',(52.1523903806541,31.7472113455035,69.8370055435967));
#2789=CARTESIAN_POINT('Origin',(-93.8476096193459,55.2576902537824,0.));
#2790=CARTESIAN_POINT('',(-93.847609619346,0.775726325429657,63.5692294691934));
#2791=CARTESIAN_POINT('',(-93.847609619346,2.58834189950296,62.723992945712));
#2792=CARTESIAN_POINT('',(-93.847609619346,-21.96113615622,14.8098705266216));
#2793=CARTESIAN_POINT('',(-93.8476096193459,-24.7423097462176,4.));
#2794=CARTESIAN_POINT('',(-93.8476096193459,-24.7423097462176,0.));
#2795=CARTESIAN_POINT('',(-93.8476096193459,51.2576902537824,4.));
#2796=CARTESIAN_POINT('',(-93.8476096193459,34.2576902537824,4.));
#2797=CARTESIAN_POINT('',(-93.8476096193459,51.2576902537824,0.));
#2798=CARTESIAN_POINT('Origin',(54.1523903806541,55.2576902537824,74.8370055435967));
#2799=CARTESIAN_POINT('',(-95.8476096193459,3.82322076137464,74.8370055435967));
#2800=CARTESIAN_POINT('Origin',(-95.8476096193459,6.02997659929963,74.8370055435967));
#2801=CARTESIAN_POINT('',(16.1523903806541,3.82322076137464,74.8370055435967));
#2802=CARTESIAN_POINT('Origin',(52.1523903806541,53.2576902537824,0.));
#2803=CARTESIAN_POINT('Origin',(-90.5976096193459,-10.592704915395,39.1895499979077));
#2804=CARTESIAN_POINT('',(-87.3476096193469,0.775726325429657,63.5692294691934));
#2805=CARTESIAN_POINT('',(-87.3476096193459,-21.9928325258504,14.7418974425941));
#2806=CARTESIAN_POINT('',(11.9423903806541,0.775726325429657,63.5692294691934));
#2807=CARTESIAN_POINT('Origin',(11.9423903806541,-20.1485205821467,13.9646340031402));
#2808=CARTESIAN_POINT('',(11.9423903806541,-21.96113615622,14.8098705266216));
#2809=CARTESIAN_POINT('',(11.9423903806541,-20.1485205821467,13.9646340031402));
#2810=CARTESIAN_POINT('',(11.9423903806541,0.775726325429651,63.5692294691934));
#2811=CARTESIAN_POINT('',(11.9423903806541,-21.96113615622,14.8098705266216));
#2812=CARTESIAN_POINT('',(11.9423903806541,2.58834189950296,62.723992945712));
#2813=CARTESIAN_POINT('Origin',(5.79239038065408,-20.1485205821467,13.9646340031402));
#2814=CARTESIAN_POINT('',(5.79239038065408,-21.96113615622,14.8098705266216));
#2815=CARTESIAN_POINT('',(5.79239038065408,-21.96113615622,14.8098705266216));
#2816=CARTESIAN_POINT('',(-93.847609619346,-21.96113615622,14.8098705266216));
#2817=CARTESIAN_POINT('Origin',(8.86739038065387,-10.5927049153933,39.1895499979115));
#2818=CARTESIAN_POINT('',(5.7923903806537,0.775726325429651,63.5692294691934));
#2819=CARTESIAN_POINT('',(5.79239038065379,-4.90848929497994,51.3793897335565));
#2820=CARTESIAN_POINT('',(11.9423903806541,0.775726325429655,63.5692294691934));
#2821=CARTESIAN_POINT('Origin',(-87.3476096193459,-23.8371444695541,15.519160882048));
#2822=CARTESIAN_POINT('',(-87.3476096193469,-1.0368892486434,64.4144659926753));
#2823=CARTESIAN_POINT('',(-87.3476096193469,-1.0368892486434,64.4144659926753));
#2824=CARTESIAN_POINT('',(-87.3476096193459,-23.8371444695541,15.519160882048));
#2825=CARTESIAN_POINT('',(-87.3476096193462,-17.4147436113314,29.2920439687931));
#2826=CARTESIAN_POINT('',(-87.3476096193459,-23.8371444695541,15.519160882048));
#2827=CARTESIAN_POINT('Origin',(5.79239038065369,-1.03688924863986,64.4144659926829));
#2828=CARTESIAN_POINT('',(5.79239038065408,-23.8371444695506,15.5191608820556));
#2829=CARTESIAN_POINT('',(5.79239038065408,-23.8371444695506,15.5191608820556));
#2830=CARTESIAN_POINT('',(5.79239038065369,-1.03688924863986,64.4144659926829));
#2831=CARTESIAN_POINT('',(5.79239038065378,-6.014616000874,53.7396965241112));
#2832=CARTESIAN_POINT('',(5.79239038065369,-1.03688924863986,64.4144659926829));
#2833=CARTESIAN_POINT('Origin',(-95.8476096193459,-11.5108060329057,37.2206757976786));
#2834=CARTESIAN_POINT('',(-95.8476096193459,-13.323421606979,38.06591232116));
#2835=CARTESIAN_POINT('Origin',(-21.8476096193459,-10.9923427531082,43.0649270555393));
#2836=CARTESIAN_POINT('',(-8.02760961934456,-23.8371444695511,15.5191608820545));
#2837=CARTESIAN_POINT('',(-54.5976096193475,-1.03688924864215,64.4144659926779));
#2838=CARTESIAN_POINT('',(20.0473903806537,-11.2938344610902,42.4183760012958));
#2839=CARTESIAN_POINT('Origin',(30.0473903806537,-11.2938344610902,42.4183760012958));
#2840=CARTESIAN_POINT('Origin',(30.0473903806537,-1.50571036109434,37.8540987744962));
#2841=CARTESIAN_POINT('',(33.6473903806537,-1.50571036109434,37.8540987744962));
#2842=CARTESIAN_POINT('Origin',(30.0473903806537,-1.50571036109434,37.8540987744962));
#2843=CARTESIAN_POINT('',(33.6473903806537,-7.66860331294356,40.727902954333));
#2844=CARTESIAN_POINT('',(33.6473903806537,-1.50571036109434,37.8540987744962));
#2845=CARTESIAN_POINT('Origin',(30.0473903806537,-7.66860331294356,40.727902954333));
#2846=CARTESIAN_POINT('Origin',(30.0473903806537,-7.66860331294356,40.727902954333));
#2847=CARTESIAN_POINT('',(20.0473903806537,-7.66860331294357,40.727902954333));
#2848=CARTESIAN_POINT('Origin',(30.0473903806537,-7.66860331294357,40.727902954333));
#2849=CARTESIAN_POINT('Origin',(46.0473903806537,0.783761921870425,58.854058695066));
#2850=CARTESIAN_POINT('',(46.0473903806537,-9.95807559590833,19.7279430337632));
#2851=CARTESIAN_POINT('',(46.0473903806537,-16.1209685477576,22.6017472136));
#2852=CARTESIAN_POINT('',(46.0473903806537,6.94665487371965,55.9802545152293));
#2853=CARTESIAN_POINT('',(46.0473903806537,-9.95807559590834,19.7279430337632));
#2854=CARTESIAN_POINT('',(46.0473903806537,0.783761921870427,58.854058695066));
#2855=CARTESIAN_POINT('Origin',(14.0473903806537,0.78376192187042,58.854058695066));
#2856=CARTESIAN_POINT('',(14.0473903806537,6.94665487371964,55.9802545152292));
#2857=CARTESIAN_POINT('',(46.0473903806537,6.94665487371965,55.9802545152292));
#2858=CARTESIAN_POINT('',(14.0473903806537,0.783761921870418,58.854058695066));
#2859=CARTESIAN_POINT('Origin',(14.0473903806537,-16.1209685477576,22.6017472136));
#2860=CARTESIAN_POINT('',(14.0473903806537,-9.95807559590833,19.7279430337632));
#2861=CARTESIAN_POINT('',(14.0473903806537,6.94665487371964,55.9802545152292));
#2862=CARTESIAN_POINT('',(14.0473903806537,-16.1209685477576,22.6017472136));
#2863=CARTESIAN_POINT('Origin',(46.0473903806537,-16.1209685477576,22.6017472136));
#2864=CARTESIAN_POINT('',(14.0473903806537,-9.95807559590834,19.7279430337632));
#2865=CARTESIAN_POINT('Origin',(30.0473903806537,-1.50571036109434,37.8540987744962));
#2866=CARTESIAN_POINT('Origin',(5.79239038065408,-23.8371444695506,15.5191608820556));
#2867=CARTESIAN_POINT('Origin',(-87.3476096193469,-1.0368892486434,64.4144659926753));
#2868=CARTESIAN_POINT('Origin',(30.0473903806537,-11.2938344610902,42.4183760012958));
#2869=CARTESIAN_POINT('',(20.0473903806537,-11.2938344610902,42.4183760012958));
#2870=CARTESIAN_POINT('Origin',(7.83345394480286,33.2576902537824,4.));
#2871=CARTESIAN_POINT('',(-50.6665460551972,33.2576902537824,4.));
#2872=CARTESIAN_POINT('',(7.83345394480286,33.2576902537824,4.));
#2873=CARTESIAN_POINT('',(-7.00707783727154,33.2576902537824,4.));
#2874=CARTESIAN_POINT('',(-50.6665460551972,33.2576902537824,4.));
#2875=CARTESIAN_POINT('',(7.83345394480286,33.2576902537824,4.));
#2876=CARTESIAN_POINT('Origin',(7.83345394480286,22.4555408944966,4.));
#2877=CARTESIAN_POINT('',(7.83345394480286,22.4555408944966,4.));
#2878=CARTESIAN_POINT('',(7.83345394480286,17.8566155741395,4.));
#2879=CARTESIAN_POINT('',(7.83345394480286,22.4555408944966,4.));
#2880=CARTESIAN_POINT('Origin',(4.83345394480286,22.4555408944966,4.));
#2881=CARTESIAN_POINT('',(4.83345394480286,22.4555408944966,4.));
#2882=CARTESIAN_POINT('',(-8.50707783727154,22.4555408944966,4.));
#2883=CARTESIAN_POINT('',(4.83345394480286,22.4555408944966,4.));
#2884=CARTESIAN_POINT('Origin',(4.83345394480286,30.2576902537824,4.));
#2885=CARTESIAN_POINT('',(4.83345394480286,30.2576902537824,4.));
#2886=CARTESIAN_POINT('',(4.83345394480286,21.7576902537824,4.));
#2887=CARTESIAN_POINT('',(4.83345394480286,30.2576902537824,4.));
#2888=CARTESIAN_POINT('Origin',(-47.6665460551972,30.2576902537824,4.));
#2889=CARTESIAN_POINT('',(-47.6665460551972,30.2576902537824,4.));
#2890=CARTESIAN_POINT('',(-34.7570778372715,30.2576902537824,4.));
#2891=CARTESIAN_POINT('',(-47.6665460551972,30.2576902537824,4.));
#2892=CARTESIAN_POINT('Origin',(-47.6665460551972,22.4555408944966,4.));
#2893=CARTESIAN_POINT('',(-47.6665460551972,22.4555408944966,4.));
#2894=CARTESIAN_POINT('',(-47.6665460551972,17.8566155741395,4.));
#2895=CARTESIAN_POINT('',(-47.6665460551972,22.4555408944966,4.));
#2896=CARTESIAN_POINT('Origin',(-50.6665460551972,22.4555408944966,4.));
#2897=CARTESIAN_POINT('',(-50.6665460551972,22.4555408944966,4.));
#2898=CARTESIAN_POINT('',(-36.2570778372715,22.4555408944966,4.));
#2899=CARTESIAN_POINT('',(-50.6665460551972,22.4555408944966,4.));
#2900=CARTESIAN_POINT('Origin',(-50.6665460551972,33.2576902537824,4.));
#2901=CARTESIAN_POINT('',(-50.6665460551972,23.2576902537824,4.));
#2902=CARTESIAN_POINT('Origin',(7.83345394480286,-1.04230974621762,4.));
#2903=CARTESIAN_POINT('',(7.83345394480286,10.4984133151938,4.));
#2904=CARTESIAN_POINT('',(7.83345394480286,-1.04230974621762,4.));
#2905=CARTESIAN_POINT('',(7.83345394480286,6.10769025378238,4.));
#2906=CARTESIAN_POINT('',(7.83345394480286,10.4984133151938,4.));
#2907=CARTESIAN_POINT('',(7.83345394480286,-1.04230974621762,4.));
#2908=CARTESIAN_POINT('Origin',(-50.6665460551972,-1.04230974621762,4.));
#2909=CARTESIAN_POINT('',(-50.6665460551972,-1.04230974621762,4.));
#2910=CARTESIAN_POINT('',(-36.2570778372715,-1.04230974621762,4.));
#2911=CARTESIAN_POINT('',(-50.6665460551972,-1.04230974621762,4.));
#2912=CARTESIAN_POINT('Origin',(-50.6665460551972,10.4984133151938,4.));
#2913=CARTESIAN_POINT('',(-50.6665460551972,10.4984133151938,4.));
#2914=CARTESIAN_POINT('',(-50.6665460551972,11.8780517844881,4.));
#2915=CARTESIAN_POINT('',(-50.6665460551972,10.4984133151938,4.));
#2916=CARTESIAN_POINT('Origin',(-47.6665460551972,10.4984133151938,4.));
#2917=CARTESIAN_POINT('',(-47.6665460551972,10.4984133151938,4.));
#2918=CARTESIAN_POINT('',(-34.7570778372715,10.4984133151938,4.));
#2919=CARTESIAN_POINT('',(-47.6665460551972,10.4984133151938,4.));
#2920=CARTESIAN_POINT('Origin',(-47.6665460551972,1.95769025378238,4.));
#2921=CARTESIAN_POINT('',(-47.6665460551972,1.95769025378238,4.));
#2922=CARTESIAN_POINT('',(-47.6665460551972,7.60769025378238,4.));
#2923=CARTESIAN_POINT('',(-47.6665460551972,1.95769025378238,4.));
#2924=CARTESIAN_POINT('Origin',(4.83345394480286,1.95769025378238,4.));
#2925=CARTESIAN_POINT('',(4.83345394480286,1.95769025378238,4.));
#2926=CARTESIAN_POINT('',(-8.50707783727154,1.95769025378238,4.));
#2927=CARTESIAN_POINT('',(4.83345394480286,1.95769025378238,4.));
#2928=CARTESIAN_POINT('Origin',(4.83345394480286,10.4984133151938,4.));
#2929=CARTESIAN_POINT('',(4.83345394480286,10.4984133151938,4.));
#2930=CARTESIAN_POINT('',(4.83345394480286,11.8780517844881,4.));
#2931=CARTESIAN_POINT('',(4.83345394480286,10.4984133151938,4.));
#2932=CARTESIAN_POINT('Origin',(7.83345394480286,10.4984133151938,4.));
#2933=CARTESIAN_POINT('',(-7.00707783727154,10.4984133151938,4.));
#2934=CARTESIAN_POINT('Origin',(-85.0005944728549,51.2576902537824,4.00000000000001));
#2935=CARTESIAN_POINT('',(-85.0005944728549,51.2576902537824,4.00000000000001));
#2936=CARTESIAN_POINT('',(-85.0005944728549,51.2576902537824,2.00000000000001));
#2937=CARTESIAN_POINT('',(-85.0005944728549,51.2576902537824,4.00000000000001));
#2938=CARTESIAN_POINT('Origin',(-70.0005944728549,51.2576902537824,9.00000000000001));
#2939=CARTESIAN_POINT('',(-70.0005944728549,51.2576902537824,4.00000000000002));
#2940=CARTESIAN_POINT('',(-70.0005944728549,51.2576902537824,4.00000000000002));
#2941=CARTESIAN_POINT('',(-70.0005944728549,51.2576902537824,4.50000000000001));
#2942=CARTESIAN_POINT('Origin',(54.1523903806541,51.2576902537824,0.));
#2943=CARTESIAN_POINT('',(16.1523903806541,51.2576902537824,4.));
#2944=CARTESIAN_POINT('Origin',(54.1523903806541,51.2576902537824,0.));
#2945=CARTESIAN_POINT('',(16.1523903806541,51.2576902537824,4.));
#2946=CARTESIAN_POINT('Origin',(-97.8476096193459,-24.7423097462176,0.));
#2947=CARTESIAN_POINT('',(-59.8476096193459,-24.7423097462176,4.));
#2948=CARTESIAN_POINT('Origin',(-21.8476096193459,13.2576902537824,4.));
#2949=UNCERTAINTY_MEASURE_WITH_UNIT(LENGTH_MEASURE(0.01),#2953,
'DISTANCE_ACCURACY_VALUE',
'Maximum model space distance between geometric entities at asserted c
onnectivities');
#2950=UNCERTAINTY_MEASURE_WITH_UNIT(LENGTH_MEASURE(0.01),#2953,
'DISTANCE_ACCURACY_VALUE',
'Maximum model space distance between geometric entities at asserted c
onnectivities');
#2951=(
GEOMETRIC_REPRESENTATION_CONTEXT(3)
GLOBAL_UNCERTAINTY_ASSIGNED_CONTEXT((#2949))
GLOBAL_UNIT_ASSIGNED_CONTEXT((#2953,#2955,#2956))
REPRESENTATION_CONTEXT('','3D')
);
#2952=(
GEOMETRIC_REPRESENTATION_CONTEXT(3)
GLOBAL_UNCERTAINTY_ASSIGNED_CONTEXT((#2950))
GLOBAL_UNIT_ASSIGNED_CONTEXT((#2953,#2955,#2956))
REPRESENTATION_CONTEXT('','3D')
);
#2953=(
LENGTH_UNIT()
NAMED_UNIT(*)
SI_UNIT(.MILLI.,.METRE.)
);
#2954=(
LENGTH_UNIT()
NAMED_UNIT(*)
SI_UNIT($,.METRE.)
);
#2955=(
NAMED_UNIT(*)
PLANE_ANGLE_UNIT()
SI_UNIT($,.RADIAN.)
);
#2956=(
NAMED_UNIT(*)
SI_UNIT($,.STERADIAN.)
SOLID_ANGLE_UNIT()
);
#2957=SHAPE_DEFINITION_REPRESENTATION(#2958,#2959);
#2958=PRODUCT_DEFINITION_SHAPE('',$,#2961);
#2959=SHAPE_REPRESENTATION('',(#1792),#2951);
#2960=PRODUCT_DEFINITION_CONTEXT('part definition',#2965,'design');
#2961=PRODUCT_DEFINITION('2026-04-08-18-59-40-334','Case',#2962,#2960);
#2962=PRODUCT_DEFINITION_FORMATION('',$,#2967);
#2963=PRODUCT_RELATED_PRODUCT_CATEGORY('Case','Case',(#2967));
#2964=APPLICATION_PROTOCOL_DEFINITION('international standard',
'automotive_design',2009,#2965);
#2965=APPLICATION_CONTEXT(
'Core Data for Automotive Mechanical Design Process');
#2966=PRODUCT_CONTEXT('part definition',#2965,'mechanical');
#2967=PRODUCT('2026-04-08-18-59-40-334','Case',$,(#2966));
#2968=PRESENTATION_STYLE_ASSIGNMENT((#2970));
#2969=PRESENTATION_STYLE_ASSIGNMENT((#2971));
#2970=SURFACE_STYLE_USAGE(.BOTH.,#2972);
#2971=SURFACE_STYLE_USAGE(.BOTH.,#2973);
#2972=SURFACE_SIDE_STYLE('',(#2974));
#2973=SURFACE_SIDE_STYLE('',(#2975));
#2974=SURFACE_STYLE_FILL_AREA(#2976);
#2975=SURFACE_STYLE_FILL_AREA(#2977);
#2976=FILL_AREA_STYLE('Steel - Satin',(#2978));
#2977=FILL_AREA_STYLE('Paint - Enamel Glossy (White)',(#2979));
#2978=FILL_AREA_STYLE_COLOUR('Steel - Satin',#2980);
#2979=FILL_AREA_STYLE_COLOUR('Paint - Enamel Glossy (White)',#2981);
#2980=COLOUR_RGB('Steel - Satin',0.627450980392157,0.627450980392157,0.627450980392157);
#2981=COLOUR_RGB('Paint - Enamel Glossy (White)',0.964705882352941,0.964705882352941,
0.952941176470588);
ENDSEC;
END-ISO-10303-21;
